date,year,month_name,day,MW,T_mean,T_max,T_min,V_mean_wind,hPa_mean
2017-01-01,2017,ENERO,1,1472,30,35,28,9.5,1006.9
2017-01-02,2017,ENERO,2,1779,26,31,21,21.9,1012
2017-01-03,2017,ENERO,3,1889,26,28,22,16.9,1004
2017-01-04,2017,ENERO,4,1841,26,31,23,7.4,1003.9
2017-01-05,2017,ENERO,5,1771,25,28,20,8,1010
2017-01-06,2017,ENERO,6,1801,23,29,19,20.3,1015.6
2017-01-07,2017,ENERO,7,1863,28,32,24,17.9,1010
2017-01-08,2017,ENERO,8,1541,25,30,22,18.3,1008.1
2017-01-09,2017,ENERO,9,1754,25,29,20,12.4,1003.5
2017-01-10,2017,ENERO,10,1709,22,26,18,9.7,1010.1
2017-01-11,2017,ENERO,11,1788,25,29,21,14.1,1013.6
2017-01-12,2017,ENERO,12,1932,27,31,22,11.7,1011.7
2017-01-13,2017,ENERO,13,1936,27,30,24,19.4,1007
2017-01-14,2017,ENERO,14,1744,23,27,20,21.9,1010.8
2017-01-15,2017,ENERO,15,1522,24,25,21,20.3,1008
2017-01-16,2017,ENERO,16,1801,24,27,21,28.1,1006.2
2017-01-17,2017,ENERO,17,1953,26,33,23,10.6,1004.7
2017-01-18,2017,ENERO,18,1920,26,31,22,17.3,1009.2
2017-01-19,2017,ENERO,19,2008,27,31,24,16.7,1014
2017-01-20,2017,ENERO,20,2084,28,30,25,16.2,1016.4
2017-01-21,2017,ENERO,21,2018,28,31,25,15.5,1015.9
2017-01-22,2017,ENERO,22,1752,27,29,25,15.9,1013.9
2017-01-23,2017,ENERO,23,1934,27,29,25,19.6,1013.8
2017-01-24,2017,ENERO,24,1897,27,32,20,15.9,1007.8
2017-01-25,2017,ENERO,25,1708,22,25,18,16.2,1013
2017-01-26,2017,ENERO,26,1682,19,24,14,14.3,1019.9
2017-01-27,2017,ENERO,27,1727,21,24,17,9.6,1020.3
2017-01-28,2017,ENERO,28,1728,25,29,22,14.4,1017.4
2017-01-29,2017,ENERO,29,1697,27,30,24,17.4,1015.4
2017-01-30,2017,ENERO,30,2014,28,33,25,16.6,1012.6
2017-01-31,2017,ENERO,31,2018,27,30,24,14.1,1010.8
2017-02-01,2017,FEBRERO,1,1766,25,30,20,13.9,1007.5
2017-02-02,2017,FEBRERO,2,1782,24,27,21,13.9,1007.8
2017-02-03,2017,FEBRERO,3,1822,25,27,22,12.6,1008.6
2017-02-04,2017,FEBRERO,4,1684,25,27,22,19.1,1006.2
2017-02-05,2017,FEBRERO,5,1353,20,23,18,22.2,1001.8
2017-02-06,2017,FEBRERO,6,1551,19,24,15,13.8,1013.3
2017-02-07,2017,FEBRERO,7,1629,22,25,16,8.5,1014.4
2017-02-08,2017,FEBRERO,8,1689,22,25,20,17.6,1013.9
2017-02-09,2017,FEBRERO,9,1716,24,27,22,15.6,1012.8
2017-02-10,2017,FEBRERO,10,1801,24,28,23,16.9,1012.2
2017-02-11,2017,FEBRERO,11,1667,23,25,21,21.8,1012.5
2017-02-12,2017,FEBRERO,12,1498,22,23,21,13.9,1010.7
2017-02-13,2017,FEBRERO,13,1699,21,25,19,21.1,1009.5
2017-02-14,2017,FEBRERO,14,1773,23,26,21,9.3,1008.5
2017-02-15,2017,FEBRERO,15,1853,26,32,22,6.9,1011.7
2017-02-16,2017,FEBRERO,16,1920,26,30,24,9.8,1011.1
2017-02-17,2017,FEBRERO,17,1875,25,30,22,13.1,1007.1
2017-02-18,2017,FEBRERO,18,1654,26,29,21,15,1008
2017-02-19,2017,FEBRERO,19,1589,26,29,22,8.6,1013.5
2017-02-20,2017,FEBRERO,20,1985,27,30,24,11.9,1014.7
2017-02-21,2017,FEBRERO,21,2157,29,32,24,11.9,1013
2017-02-22,2017,FEBRERO,22,2089,26,29,23,11.3,1010.7
2017-02-23,2017,FEBRERO,23,2133,29,35,23,6.7,1010
2017-02-24,2017,FEBRERO,24,2131,28,31,26,10.4,1010.6
2017-02-25,2017,FEBRERO,25,2080,28,31,25,11.4,1011.2
2017-02-26,2017,FEBRERO,26,1811,29,31,27,10,1011.2
2017-02-27,2017,FEBRERO,27,1675,29,31,24,12.4,1009.4
2017-02-28,2017,FEBRERO,28,1727,28,31,25,7.4,1005.4
2017-03-01,2017,MARZO,1,1912,29,33,26,10.4,1002.1
2017-03-02,2017,MARZO,2,1920,29,32,26,12.7,1004.3
2017-03-03,2017,MARZO,3,1756,23,31,21,15.2,1010.9
2017-03-04,2017,MARZO,4,1654,23,25,21,17.6,1012.6
2017-03-05,2017,MARZO,5,1438,23,25,20,14,1013.5
2017-03-06,2017,MARZO,6,1721,24,27,21,18.4,1013.7
2017-03-07,2017,MARZO,7,1759,22,26,18,18.8,1016.9
2017-03-08,2017,MARZO,8,1769,24,27,22,19.5,1011
2017-03-09,2017,MARZO,9,1703,24,29,20,13.7,1000.5
2017-03-10,2017,MARZO,10,1702,22,25,17,12.8,1012.1
2017-03-11,2017,MARZO,11,1594,21,23,17,9.2,1013.5
2017-03-12,2017,MARZO,12,1385,20,23,17,14.2,1014.1
2017-03-13,2017,MARZO,13,1622,20,27,14,11.4,1014.7
2017-03-14,2017,MARZO,14,1754,22,26,18,9.5,1013.5
2017-03-15,2017,MARZO,15,1758,20,24,16,10.7,1011.2
2017-03-16,2017,MARZO,16,1680,17,19,15,13.2,1016.3
2017-03-17,2017,MARZO,17,1703,17,21,14,7.6,1022.5
2017-03-18,2017,MARZO,18,1613,19,21,16,11,1023
2017-03-19,2017,MARZO,19,1396,21,23,19,16.2,1022
2017-03-20,2017,MARZO,20,1676,21,22,19,18.9,1023.1
2017-03-21,2017,MARZO,21,1795,21,24,20,21.5,1022.4
2017-03-22,2017,MARZO,22,1791,22,23,21,17.3,1020.1
2017-03-23,2017,MARZO,23,1773,22,25,20,10,1016.3
2017-03-24,2017,MARZO,24,1585,24,26,21,7.7,1014
2017-03-25,2017,MARZO,25,1633,24,25,22,14.6,1014.7
2017-03-26,2017,MARZO,26,1515,24,26,21,17.9,1014.3
2017-03-27,2017,MARZO,27,1792,23,25,22,16.9,1016.9
2017-03-28,2017,MARZO,28,1861,24,26,22,23.1,1020.6
2017-03-29,2017,MARZO,29,1844,23,26,20,27.1,1019.1
2017-03-30,2017,MARZO,30,1781,23,25,21,19.7,1015.1
2017-03-31,2017,MARZO,31,1798,23,25,21,15.1,1018.6
2017-04-01,2017,ABRIL,1,1717,23,26,21,19.9,1021.2
2017-04-02,2017,ABRIL,2,1434,21,25,19,17.8,1016.2
2017-04-03,2017,ABRIL,3,1681,20,24,17,6.2,1013.9
2017-04-04,2017,ABRIL,4,1773,22,26,19,7.9,1010.7
2017-04-05,2017,ABRIL,5,1763,23,28,20,6.5,1010.3
2017-04-06,2017,ABRIL,6,1463,20,23,16,8.5,1015.2
2017-04-07,2017,ABRIL,7,1685,22,25,19,20.8,1012.6
2017-04-08,2017,ABRIL,8,1662,22,25,20,16,1011
2017-04-09,2017,ABRIL,9,1460,23,24,22,14.4,1009.9
2017-04-10,2017,ABRIL,10,1657,19,23,14,16.7,1003
2017-04-11,2017,ABRIL,11,1713,18,22,14,12.6,1013.3
2017-04-12,2017,ABRIL,12,1758,16,18,12,9,1024.8
2017-04-13,2017,ABRIL,13,1757,17,19,13,8.8,1021.6
2017-04-14,2017,ABRIL,14,1515,18,20,16,13.7,1019.8
2017-04-15,2017,ABRIL,15,1571,19,22,17,17,1019.8
2017-04-16,2017,ABRIL,16,1427,18,20,15,15.4,1023.8
2017-04-17,2017,ABRIL,17,1694,17,19,15,12.7,1024.1
2017-04-18,2017,ABRIL,18,1753,18,20,17,17.3,1022.1
2017-04-19,2017,ABRIL,19,1762,18,19,18,15.1,1014.4
2017-04-20,2017,ABRIL,20,1790,20,25,18,6,1008.7
2017-04-21,2017,ABRIL,21,1785,21,24,17,10.8,1010.4
2017-04-22,2017,ABRIL,22,1708,16,19,13,8.4,1018.5
2017-04-23,2017,ABRIL,23,1492,17,22,13,8.6,1019.1
2017-04-24,2017,ABRIL,24,1721,19,21,18,12.1,1014
2017-04-25,2017,ABRIL,25,1773,17,19,13,8.7,1006.4
2017-04-26,2017,ABRIL,26,1825,14,17,11,18.2,1005.9
2017-04-27,2017,ABRIL,27,1801,15,24,10,15.1,1014
2017-04-28,2017,ABRIL,28,1832,19,26,15,17.8,1016.7
2017-04-29,2017,ABRIL,29,1699,19,22,15,10.1,1020.2
2017-04-30,2017,ABRIL,30,1462,19,25,14,11.5,1020.5
2017-05-01,2017,MAYO,1,1287,18,25,14,7,1019.7
2017-05-02,2017,MAYO,2,1606,19,21,17,11.2,1016.3
2017-05-03,2017,MAYO,3,1744,20,24,17,7.8,1017.9
2017-05-04,2017,MAYO,4,1777,19,24,17,10.8,1016.5
2017-05-05,2017,MAYO,5,1758,20,23,17,56.2,1015.5
2017-05-06,2017,MAYO,6,1665,20,22,17,12.1,1015.7
2017-05-07,2017,MAYO,7,1423,20,21,19,11.4,1011.3
2017-05-08,2017,MAYO,8,1636,20,21,17,8.2,1009.1
2017-05-09,2017,MAYO,9,1764,16,20,13,7.7,1019.5
2017-05-10,2017,MAYO,10,1797,14,16,12,14.4,1024.8
2017-05-11,2017,MAYO,11,1819,14,16,13,23.4,1021.5
2017-05-12,2017,MAYO,12,1854,16,17,15,21.7,1014
2017-05-13,2017,MAYO,13,1702,16,20,13,7.8,1010.8
2017-05-14,2017,MAYO,14,1470,16,17,14,6.5,1013.8
2017-05-15,2017,MAYO,15,1721,17,21,15,7.1,1018.2
2017-05-16,2017,MAYO,16,1805,16,19,12,5.7,1019
2017-05-17,2017,MAYO,17,1822,16,18,15,18.5,1017.5
2017-05-18,2017,MAYO,18,1802,17,18,15,19,1011.7
2017-05-19,2017,MAYO,19,1772,17,18,13,17.3,1004.6
2017-05-20,2017,MAYO,20,1732,11,13,10,20.8,1007.8
2017-05-21,2017,MAYO,21,1487,13,19,10,17.9,1009.6
2017-05-22,2017,MAYO,22,1697,15,20,13,8.7,1016
2017-05-23,2017,MAYO,23,1785,17,20,16,12,1017
2017-05-24,2017,MAYO,24,1780,17,18,16,7.8,1012.5
2017-05-25,2017,MAYO,25,1572,16,17,15,9,1009.7
2017-05-26,2017,MAYO,26,1742,15,17,13,8.2,1018.2
2017-05-27,2017,MAYO,27,1733,12,14,9,14.6,1028.4
2017-05-28,2017,MAYO,28,1504,13,15,11,15.8,1025.2
2017-05-29,2017,MAYO,29,1771,13,16,11,8.1,1023.8
2017-05-30,2017,MAYO,30,1847,13,15,11,8.4,1025.5
2017-05-31,2017,MAYO,31,1882,11,13,10,9.9,1024.3
2017-06-01,2017,JUNIO,1,1798,12,15,10,6.4,1020.4
2017-06-02,2017,JUNIO,2,1844,12,15,10,6.9,1019.4
2017-06-03,2017,JUNIO,3,1789,15,17,13,13.8,1014.4
2017-06-04,2017,JUNIO,4,1556,13,18,12,6.1,1014.9
2017-06-05,2017,JUNIO,5,1865,11,13,8,5.9,1019.6
2017-06-06,2017,JUNIO,6,1926,11,16,8,6.9,1018.5
2017-06-07,2017,JUNIO,7,1902,11,14,8,11.5,1012.9
2017-06-08,2017,JUNIO,8,1949,12,14,11,7.2,1009.3
2017-06-09,2017,JUNIO,9,1919,11,16,7,11.8,1014.3
2017-06-10,2017,JUNIO,10,1810,15,21,11,13.1,1011.2
2017-06-11,2017,JUNIO,11,1596,14,18,10,9.4,1014.3
2017-06-12,2017,JUNIO,12,1853,11,14,7,12.3,1018.9
2017-06-13,2017,JUNIO,13,1833,13,19,10,6,1018
2017-06-14,2017,JUNIO,14,1796,14,16,12,10,1021.3
2017-06-15,2017,JUNIO,15,1815,15,17,14,9.5,1015
2017-06-16,2017,JUNIO,16,1825,18,21,16,8.8,1006
2017-06-17,2017,JUNIO,17,1523,19,23,15,10.2,1002.1
2017-06-18,2017,JUNIO,18,1492,10,14,6,18.4,1014.6
2017-06-19,2017,JUNIO,19,1834,8,12,5,11.4,1025
2017-06-20,2017,JUNIO,20,1700,9,12,5,6.7,1026.3
2017-06-21,2017,JUNIO,21,1916,11,13,9,15.6,1021
2017-06-22,2017,JUNIO,22,1926,15,19,13,12.1,1011.5
2017-06-23,2017,JUNIO,23,1857,18,22,16,8.2,1011.4
2017-06-24,2017,JUNIO,24,1746,18,20,15,11.5,1014.6
2017-06-25,2017,JUNIO,25,1485,19,21,17,5.7,1014.5
2017-06-26,2017,JUNIO,26,1718,19,22,17,6.7,1012.5
2017-06-27,2017,JUNIO,27,1802,17,20,14,11.4,1011.5
2017-06-28,2017,JUNIO,28,1858,13,14,12,7,1020
2017-06-29,2017,JUNIO,29,1915,11,13,9,7.2,1019.9
2017-06-30,2017,JUNIO,30,1922,13,18,10,9.2,1021.3
2017-07-01,2017,JULIO,1,1788,14,16,11,7.3,1026.9
2017-07-02,2017,JULIO,2,1545,15,17,13,14.4,1028.7
2017-07-03,2017,JULIO,3,1770,14,17,12,16.2,1025.5
2017-07-04,2017,JULIO,4,1811,16,18,14,16.4,1021.2
2017-07-05,2017,JULIO,5,1875,15,16,14,18.7,1017.9
2017-07-06,2017,JULIO,6,1938,12,13,9,8.2,1023.3
2017-07-07,2017,JULIO,7,1932,13,15,12,22.9,1023.2
2017-07-08,2017,JULIO,8,1806,14,15,12,14.2,1018.7
2017-07-09,2017,JULIO,9,1549,11,12,10,7.3,1020.4
2017-07-10,2017,JULIO,10,1843,11,12,10,9.8,1022.4
2017-07-11,2017,JULIO,11,1925,10,13,7,15.7,1025.8
2017-07-12,2017,JULIO,12,1933,14,17,12,12.6,1019.5
2017-07-13,2017,JULIO,13,1830,19,24,16,8.8,1011.4
2017-07-14,2017,JULIO,14,1843,15,19,13,23.3,1014.1
2017-07-15,2017,JULIO,15,1773,14,16,11,14.6,1004
2017-07-16,2017,JULIO,16,1605,7,10,6,18.1,1019.3
2017-07-17,2017,JULIO,17,1860,6,10,3,12.1,1028.5
2017-07-18,2017,JULIO,18,1946,9,15,5,14.1,1027.5
2017-07-19,2017,JULIO,19,1953,10,16,6,18.9,1022.3
2017-07-20,2017,JULIO,20,1938,12,19,7,16.6,1016.8
2017-07-21,2017,JULIO,21,1902,12,15,10,8.3,1019.8
2017-07-22,2017,JULIO,22,1775,13,16,11,12.8,1018.5
2017-07-23,2017,JULIO,23,1586,14,17,13,9,1012.3
2017-07-24,2017,JULIO,24,1833,13,15,11,17.1,1016.8
2017-07-25,2017,JULIO,25,1916,13,14,11,22.7,1023.3
2017-07-26,2017,JULIO,26,1922,15,19,13,16.9,1020.2
2017-07-27,2017,JULIO,27,1853,16,20,14,10,1018.9
2017-07-28,2017,JULIO,28,1776,18,21,15,7.5,1014.4
2017-07-29,2017,JULIO,29,1693,18,20,16,7.1,1015.8
2017-07-30,2017,JULIO,30,1560,13,16,10,18,1023.1
2017-07-31,2017,JULIO,31,1850,12,13,10,16.5,1023.3
2017-08-01,2017,AGOSTO,1,1883,13,14,12,15.1,1018.5
2017-08-02,2017,AGOSTO,2,1850,13,15,11,11.4,1021.7
2017-08-03,2017,AGOSTO,3,1859,13,18,9,7.9,1023.2
2017-08-04,2017,AGOSTO,4,1853,13,16,10,7,1024.9
2017-08-05,2017,AGOSTO,5,1725,15,18,13,15.8,1021.2
2017-08-06,2017,AGOSTO,6,1472,16,19,14,12.5,1016.8
2017-08-07,2017,AGOSTO,7,1772,16,18,14,12,1013.6
2017-08-08,2017,AGOSTO,8,1865,15,17,13,15.5,1011.3
2017-08-09,2017,AGOSTO,9,1901,14,16,12,20.1,1019.1
2017-08-10,2017,AGOSTO,10,1874,15,17,13,26.1,1018.1
2017-08-11,2017,AGOSTO,11,1882,16,17,15,24.7,1009.4
2017-08-12,2017,AGOSTO,12,1738,16,17,14,10.7,1008
2017-08-13,2017,AGOSTO,13,1535,13,16,10,7.6,1014.2
2017-08-14,2017,AGOSTO,14,1762,15,19,12,13.1,1013.8
2017-08-15,2017,AGOSTO,15,1819,16,20,12,11.2,1016.7
2017-08-16,2017,AGOSTO,16,1808,14,15,11,7.6,1021.7
2017-08-17,2017,AGOSTO,17,1804,15,22,10,13.7,1016.8
2017-08-18,2017,AGOSTO,18,1788,16,20,13,15,1009.8
2017-08-19,2017,AGOSTO,19,1742,16,19,13,9.1,1009.8
2017-08-20,2017,AGOSTO,20,1601,13,16,9,8.7,1022.5
2017-08-21,2017,AGOSTO,21,1560,12,17,7,11.7,1026.9
2017-08-22,2017,AGOSTO,22,1791,14,17,11,24.9,1017.6
2017-08-23,2017,AGOSTO,23,1818,16,19,14,14,1011.6
2017-08-24,2017,AGOSTO,24,1777,18,21,16,9.7,1008.4
2017-08-25,2017,AGOSTO,25,1773,19,21,16,12.2,1007.9
2017-08-26,2017,AGOSTO,26,1634,15,18,14,9.8,1014.4
2017-08-27,2017,AGOSTO,27,1491,15,17,14,16.9,1016
2017-08-28,2017,AGOSTO,28,1727,17,21,15,16.5,1013.1
2017-08-29,2017,AGOSTO,29,1824,18,22,13,9.7,1008.4
2017-08-30,2017,AGOSTO,30,1834,12,16,9,14.2,1020.8
2017-08-31,2017,AGOSTO,31,1826,13,16,11,12.9,1024.3
2017-09-01,2017,SEPTIEMBRE,1,1773,17,20,14,16.2,1016.2
2017-09-02,2017,SEPTIEMBRE,2,1687,20,23,18,14.4,1012.5
2017-09-03,2017,SEPTIEMBRE,3,1549,17,19,14,14.2,1010
2017-09-04,2017,SEPTIEMBRE,4,1742,13,17,11,16.4,1017
2017-09-05,2017,SEPTIEMBRE,5,1811,13,15,9,13,1025.3
2017-09-06,2017,SEPTIEMBRE,6,1846,14,16,13,21.7,1020.8
2017-09-07,2017,SEPTIEMBRE,7,1657,16,19,14,11.5,1017.3
2017-09-08,2017,SEPTIEMBRE,8,1743,15,16,12,20.3,1014.7
2017-09-09,2017,SEPTIEMBRE,9,1705,17,19,16,18.2,1012.3
2017-09-10,2017,SEPTIEMBRE,10,1539,18,20,17,19.5,985.8
2017-09-11,2017,SEPTIEMBRE,11,1737,13,18,10,24.9,1004.1
2017-09-12,2017,SEPTIEMBRE,12,1822,14,17,11,7.5,1023
2017-09-13,2017,SEPTIEMBRE,13,1797,15,16,14,13.7,1019
2017-09-14,2017,SEPTIEMBRE,14,1783,18,23,14,9.9,1013
2017-09-15,2017,SEPTIEMBRE,15,1800,14,18,12,18.1,1026.9
2017-09-16,2017,SEPTIEMBRE,16,1683,14,16,12,16.5,1030.4
2017-09-17,2017,SEPTIEMBRE,17,1504,15,18,13,12.7,1026.9
2017-09-18,2017,SEPTIEMBRE,18,1707,17,20,15,16.2,1022.4
2017-09-19,2017,SEPTIEMBRE,19,1730,18,20,15,16.9,1017.9
2017-09-20,2017,SEPTIEMBRE,20,1778,21,26,17,13.4,1012.9
2017-09-21,2017,SEPTIEMBRE,21,1783,13,18,10,14.6,1021.4
2017-09-22,2017,SEPTIEMBRE,22,1778,12,16,10,9.9,1020.8
2017-09-23,2017,SEPTIEMBRE,23,1662,15,19,10,7,1022.6
2017-09-24,2017,SEPTIEMBRE,24,1479,18,21,15,18.4,1020.6
2017-09-25,2017,SEPTIEMBRE,25,1676,19,21,17,12,1018.8
2017-09-26,2017,SEPTIEMBRE,26,1813,14,19,11,25.7,1019.1
2017-09-27,2017,SEPTIEMBRE,27,1813,12,16,10,19.4,1020.5
2017-09-28,2017,SEPTIEMBRE,28,1829,14,17,11,20.5,1024.9
2017-09-29,2017,SEPTIEMBRE,29,1809,16,17,14,20,1020.7
2017-09-30,2017,SEPTIEMBRE,30,1676,18,20,16,11.5,1008.1
2017-10-01,2017,OCTUBRE,1,1477,16,19,13,14,1000.1
2017-10-02,2017,OCTUBRE,2,1656,15,20,12,9.7,1003.3
2017-10-03,2017,OCTUBRE,3,1726,18,22,14,14.2,1007.6
2017-10-04,2017,OCTUBRE,4,1723,20,24,15,19.6,1004.2
2017-10-05,2017,OCTUBRE,5,1688,22,25,19,11,1001.1
2017-10-06,2017,OCTUBRE,6,1695,19,24,15,10,1016.1
2017-10-07,2017,OCTUBRE,7,1604,16,18,14,23.8,1023.5
2017-10-08,2017,OCTUBRE,8,1453,17,21,15,19.3,1015
2017-10-09,2017,OCTUBRE,9,1639,19,22,16,9.7,1010.4
2017-10-10,2017,OCTUBRE,10,1701,17,19,15,10.5,1015
2017-10-11,2017,OCTUBRE,11,1705,17,18,15,25.5,1018.2
2017-10-12,2017,OCTUBRE,12,1745,14,16,12,25,1020.8
2017-10-13,2017,OCTUBRE,13,1744,14,18,11,12.6,1021.1
2017-10-14,2017,OCTUBRE,14,1602,17,23,12,10.7,1020.3
2017-10-15,2017,OCTUBRE,15,1416,18,23,14,10.1,1020
2017-10-16,2017,OCTUBRE,16,1400,21,25,18,14.4,1015.4
2017-10-17,2017,OCTUBRE,17,1610,21,24,20,9.4,1011.1
2017-10-18,2017,OCTUBRE,18,1651,19,22,17,10.7,1008.1
2017-10-19,2017,OCTUBRE,19,1611,17,20,13,13.1,1013.6
2017-10-20,2017,OCTUBRE,20,1680,17,22,13,18.1,1013.4
2017-10-21,2017,OCTUBRE,21,1577,17,22,12,15.8,1015.3
2017-10-22,2017,OCTUBRE,22,1415,13,18,9,11.4,1022.8
2017-10-23,2017,OCTUBRE,23,1644,15,19,13,14,1019.7
2017-10-24,2017,OCTUBRE,24,1689,20,24,17,14,1015.7
2017-10-25,2017,OCTUBRE,25,1698,20,23,18,14.4,1012.8
2017-10-26,2017,OCTUBRE,26,1705,21,25,19,19.3,1010.1
2017-10-27,2017,OCTUBRE,27,1627,18,21,16,16.4,1008.9
2017-10-28,2017,OCTUBRE,28,1575,17,20,14,14.1,1009.8
2017-10-29,2017,OCTUBRE,29,1434,21,24,19,15.8,1009.2
2017-10-30,2017,OCTUBRE,30,1657,19,24,14,14.8,1011.6
2017-10-31,2017,OCTUBRE,31,1718,21,26,17,7.4,1016
2017-11-01,2017,NOVIEMBRE,1,1736,21,24,19,15.8,1015.7
2017-11-02,2017,NOVIEMBRE,2,1737,19,23,16,25.1,1010.8
2017-11-03,2017,NOVIEMBRE,3,1727,20,25,16,9.2,1008.2
2017-11-04,2017,NOVIEMBRE,4,1633,20,24,16,12.4,1012.4
2017-11-05,2017,NOVIEMBRE,5,1475,20,23,18,13.4,1016.9
2017-11-06,2017,NOVIEMBRE,6,1717,22,24,20,15.1,1017.7
2017-11-07,2017,NOVIEMBRE,7,1717,21,22,20,18.4,1014.8
2017-11-08,2017,NOVIEMBRE,8,1730,22,27,19,15.1,1010.3
2017-11-09,2017,NOVIEMBRE,9,1698,23,27,18,10,1010.4
2017-11-10,2017,NOVIEMBRE,10,1712,24,29,19,9.7,1010.2
2017-11-11,2017,NOVIEMBRE,11,1607,21,24,15,12.3,1011.6
2017-11-12,2017,NOVIEMBRE,12,1459,21,24,15,7.3,1011.2
2017-11-13,2017,NOVIEMBRE,13,1715,23,27,20,16.7,1011.9
2017-11-14,2017,NOVIEMBRE,14,1778,24,30,20,18.4,1009.9
2017-11-15,2017,NOVIEMBRE,15,1758,25,28,20,13.4,1001.3
2017-11-16,2017,NOVIEMBRE,16,1691,18,21,13,13.1,1012.1
2017-11-17,2017,NOVIEMBRE,17,1741,21,25,17,20.3,1007.9
2017-11-18,2017,NOVIEMBRE,18,1637,16,21,11,12.7,1010.9
2017-11-19,2017,NOVIEMBRE,19,1442,20,26,15,15.7,1007.4
2017-11-20,2017,NOVIEMBRE,20,1400,16,19,14,20.5,1012.7
2017-11-21,2017,NOVIEMBRE,21,1615,17,19,13,13.1,1016.1
2017-11-22,2017,NOVIEMBRE,22,1713,20,25,15,20.6,1013.4
2017-11-23,2017,NOVIEMBRE,23,1744,23,28,19,24.1,1005
2017-11-24,2017,NOVIEMBRE,24,1691,16,20,12,12.4,1015.6
2017-11-25,2017,NOVIEMBRE,25,1616,18,21,15,12.3,1016.7
2017-11-26,2017,NOVIEMBRE,26,1503,21,26,17,12.3,1010.9
2017-11-27,2017,NOVIEMBRE,27,1668,21,24,17,20.1,1013.3
2017-11-28,2017,NOVIEMBRE,28,1720,16,20,13,21.9,1021.3
2017-11-29,2017,NOVIEMBRE,29,1778,21,24,18,21,1015.7
2017-11-30,2017,NOVIEMBRE,30,1843,22,26,19,21.1,1012.4
2017-12-01,2017,DICIEMBRE,1,1730,22,24,19,22,1012.8
2017-12-02,2017,DICIEMBRE,2,1668,22,24,20,20.1,1012.5
2017-12-03,2017,DICIEMBRE,3,1432,21,24,20,15.8,1011.8
2017-12-04,2017,DICIEMBRE,4,1635,20,22,17,22.8,1018.2
2017-12-05,2017,DICIEMBRE,5,1742,21,24,19,20.5,1018.6
2017-12-06,2017,DICIEMBRE,6,1807,24,27,21,16.4,1012.5
2017-12-07,2017,DICIEMBRE,7,1844,23,28,19,12.8,1009.2
2017-12-08,2017,DICIEMBRE,8,1647,25,33,21,16.6,1006.8
2017-12-09,2017,DICIEMBRE,9,1707,29,36,23,29.6,1005.3
2017-12-10,2017,DICIEMBRE,10,1562,25,32,18,12.5,1006
2017-12-11,2017,DICIEMBRE,11,1720,18,25,13,20.9,1015.1
2017-12-12,2017,DICIEMBRE,12,1849,22,28,19,19.8,1012.9
2017-12-13,2017,DICIEMBRE,13,1873,25,33,21,10.1,1010.2
2017-12-14,2017,DICIEMBRE,14,1884,26,33,19,11.6,1010.3
2017-12-15,2017,DICIEMBRE,15,1995,28,32,24,9.4,1009.2
2017-12-16,2017,DICIEMBRE,16,1892,27,30,23,16.9,1003.3
2017-12-17,2017,DICIEMBRE,17,1472,22,28,17,21,1006.3
2017-12-18,2017,DICIEMBRE,18,1575,19,21,17,21.1,1022.1
2017-12-19,2017,DICIEMBRE,19,1555,19,24,18,20.8,1018.9
2017-12-20,2017,DICIEMBRE,20,1831,22,25,19,17,1013.1
2017-12-21,2017,DICIEMBRE,21,1880,25,29,23,12.4,1009
2017-12-22,2017,DICIEMBRE,22,1970,27,30,24,14.9,1007
2017-12-23,2017,DICIEMBRE,23,1619,23,29,20,16.5,1008.8
2017-12-24,2017,DICIEMBRE,24,1424,19,23,16,15.1,1016
2017-12-25,2017,DICIEMBRE,25,1319,25,30,20,15.2,1011
2017-12-26,2017,DICIEMBRE,26,1876,27,33,23,14.1,1008.8
2017-12-27,2017,DICIEMBRE,27,1981,27,29,24,12.8,1012.8
2017-12-28,2017,DICIEMBRE,28,2105,27,32,24,14.9,1012.1
2017-12-29,2017,DICIEMBRE,29,2189,29,32,24,11.7,1008.8
2017-12-30,2017,DICIEMBRE,30,2008,30,33,26,10.9,1005.1
2017-12-31,2017,DICIEMBRE,31,1514,23,29,19,20.8,1009.6
2018-01-01,2018,ENERO,1,1301,22,26,19,16.3,1010.5
2018-01-02,2018,ENERO,2,1713,25,32,21,14,1006.3
2018-01-03,2018,ENERO,3,1905,26,33,20,15.4,1005.2
2018-01-04,2018,ENERO,4,1983,29,35,23,17.1,1003.9
2018-01-05,2018,ENERO,5,1786,24,31,20,12.3,1007.2
2018-01-06,2018,ENERO,6,1626,22,25,18,11.6,1015.7
2018-01-07,2018,ENERO,7,1610,25,32,20,20,1016.3
2018-01-08,2018,ENERO,8,1970,27,32,23,11.4,1017.6
2018-01-09,2018,ENERO,9,2091,26,30,23,19.5,1017.3
2018-01-10,2018,ENERO,10,2150,27,30,24,20.1,1015.3
2018-01-11,2018,ENERO,11,2216,30,35,27,14.2,1012.7
2018-01-12,2018,ENERO,12,2088,29,33,26,16.4,1008.6
2018-01-13,2018,ENERO,13,1773,26,29,24,14.6,1006.7
2018-01-14,2018,ENERO,14,1477,20,23,17,18.8,1009.4
2018-01-15,2018,ENERO,15,1690,21,25,16,13,1011.7
2018-01-16,2018,ENERO,16,1799,24,27,22,15.8,1015.3
2018-01-17,2018,ENERO,17,1785,25,29,24,13.5,1012.3
2018-01-18,2018,ENERO,18,1864,26,31,21,9.9,1011.5
2018-01-19,2018,ENERO,19,1957,27,30,23,11.3,1012.9
2018-01-20,2018,ENERO,20,1911,26,29,23,17.8,1013.1
2018-01-21,2018,ENERO,21,1800,27,30,26,16.4,1008.6
2018-01-22,2018,ENERO,22,2044,26,28,25,13.1,1004.2
2018-01-23,2018,ENERO,23,2027,28,34,24,15.1,1002.6
2018-01-24,2018,ENERO,24,1766,23,27,19,16.8,1011.7
2018-01-25,2018,ENERO,25,1712,20,23,16,21.9,1018.6
2018-01-26,2018,ENERO,26,1817,24,28,21,22.4,1015.3
2018-01-27,2018,ENERO,27,1761,25,28,22,15.9,1009
2018-01-28,2018,ENERO,28,1633,26,30,23,12.8,1008.9
2018-01-29,2018,ENERO,29,1880,24,28,22,21.6,1012.7
2018-01-30,2018,ENERO,30,2005,25,30,21,21.7,1010.1
2018-01-31,2018,ENERO,31,2053,26,29,24,14.2,1012.6
2018-02-01,2018,FEBRERO,1,2076,27,30,25,13.4,1013
2018-02-02,2018,FEBRERO,2,2093,27,31,24,15.4,1012.4
2018-02-03,2018,FEBRERO,3,1933,24,27,22,22.4,1013.2
2018-02-04,2018,FEBRERO,4,1800,26,29,23,20.5,1013.3
2018-02-05,2018,FEBRERO,5,2166,26,29,21,15.3,1011.7
2018-02-06,2018,FEBRERO,6,2255,27,31,25,14.7,1008.9
2018-02-07,2018,FEBRERO,7,2257,28,32,25,14.9,1007.6
2018-02-08,2018,FEBRERO,8,2288,30,34,27,14.1,1004.6
2018-02-09,2018,FEBRERO,9,2039,26,31,21,16.1,1004.3
2018-02-10,2018,FEBRERO,10,1803,24,28,20,15.4,1011.5
2018-02-11,2018,FEBRERO,11,1541,20,26,15,17.7,1018.2
2018-02-12,2018,FEBRERO,12,1440,18,22,15,11.5,1022.3
2018-02-13,2018,FEBRERO,13,1510,22,25,19,11.9,1020.9
2018-02-14,2018,FEBRERO,14,1803,24,28,21,16.4,1020.3
2018-02-15,2018,FEBRERO,15,1955,25,28,22,21.6,1019.2
2018-02-16,2018,FEBRERO,16,2078,26,29,23,19.5,1017.8
2018-02-17,2018,FEBRERO,17,2005,26,29,20,14.7,1013.8
2018-02-18,2018,FEBRERO,18,1892,28,32,25,11.9,1006.9
2018-02-19,2018,FEBRERO,19,1988,25,29,20,11.3,1003.7
2018-02-20,2018,FEBRERO,20,1909,25,27,21,11.1,1006.1
2018-02-21,2018,FEBRERO,21,1823,23,26,19,14.4,1012.3
2018-02-22,2018,FEBRERO,22,1850,22,25,18,10.5,1015.9
2018-02-23,2018,FEBRERO,23,1877,24,27,20,16.1,1017
2018-02-24,2018,FEBRERO,24,1766,23,25,20,20.2,1019
2018-02-25,2018,FEBRERO,25,1605,23,25,21,21.4,1018.7
2018-02-26,2018,FEBRERO,26,1890,23,26,21,21.1,1016.4
2018-02-27,2018,FEBRERO,27,1942,24,26,22,18.3,1012.5
2018-02-28,2018,FEBRERO,28,1946,24,26,22,22,1012.8
2018-03-01,2018,MARZO,1,1962,25,28,23,13.4,1013.2
2018-03-02,2018,MARZO,2,2085,26,29,24,15.1,1013.8
2018-03-03,2018,MARZO,3,1992,27,31,25,12.6,1012.1
2018-03-04,2018,MARZO,4,1795,26,29,23,12.7,1009.3
2018-03-05,2018,MARZO,5,1845,26,28,25,14.9,1009.2
2018-03-06,2018,MARZO,6,1778,21,26,15,16.5,1016.7
2018-03-07,2018,MARZO,7,1785,22,25,17,11.5,1016.5
2018-03-08,2018,MARZO,8,1848,24,28,20,13.7,1013.6
2018-03-09,2018,MARZO,9,1915,25,30,22,13.5,1010.3
2018-03-10,2018,MARZO,10,1813,26,31,23,14.2,1006.6
2018-03-11,2018,MARZO,11,1511,21,24,17,11.5,1010.4
2018-03-12,2018,MARZO,12,1716,21,24,17,8.1,1012.3
2018-03-13,2018,MARZO,13,1736,24,29,19,12.4,1009
2018-03-14,2018,MARZO,14,1778,23,27,20,11.3,1005.7
2018-03-15,2018,MARZO,15,1703,20,23,14,12,1007.8
2018-03-16,2018,MARZO,16,1738,21,23,18,12.7,1013
2018-03-17,2018,MARZO,17,1697,22,26,20,15.6,1007.4
2018-03-18,2018,MARZO,18,1491,23,24,19,15.1,2160.6
2018-03-19,2018,MARZO,19,1669,20,26,15,10.3,1010.7
2018-03-20,2018,MARZO,20,1695,21,25,15,11.4,1012.8
2018-03-21,2018,MARZO,21,1690,17,20,14,16.9,1019.8
2018-03-22,2018,MARZO,22,1687,19,22,17,19.5,1013
2018-03-23,2018,MARZO,23,1728,23,28,20,13.4,1006.7
2018-03-24,2018,MARZO,24,1479,21,24,18,8.2,1009.1
2018-03-25,2018,MARZO,25,1435,16,22,12,13.5,1017.3
2018-03-26,2018,MARZO,26,1702,17,20,12,8.6,1022
2018-03-27,2018,MARZO,27,1764,19,21,17,18.5,1020.3
2018-03-28,2018,MARZO,28,1744,21,25,19,14.1,1015.8
2018-03-29,2018,MARZO,29,1779,23,27,20,7,1014.4
2018-03-30,2018,MARZO,30,1568,24,27,21,7.1,1013.5
2018-03-31,2018,MARZO,31,1636,24,27,22,13.9,1012.2
2018-04-01,2018,ABRIL,1,1477,23,25,22,27.9,1014.2
2018-04-02,2018,ABRIL,2,1417,21,23,19,17.7,1015.4
2018-04-03,2018,ABRIL,3,1660,21,23,18,11.9,1013.3
2018-04-04,2018,ABRIL,4,1780,22,24,20,10.9,1011.6
2018-04-05,2018,ABRIL,5,1797,24,27,21,10,1010.6
2018-04-06,2018,ABRIL,6,1757,19,25,17,15.7,1013.8
2018-04-07,2018,ABRIL,7,1669,19,20,17,8.4,1013.6
2018-04-08,2018,ABRIL,8,1475,21,23,20,9.8,1016.7
2018-04-09,2018,ABRIL,9,1719,22,26,20,13.8,1015
2018-04-10,2018,ABRIL,10,1800,26,29,23,14.9,1007.8
2018-04-11,2018,ABRIL,11,1854,27,32,24,14.2,1004.4
2018-04-12,2018,ABRIL,12,1730,19,23,17,14.5,1015.4
2018-04-13,2018,ABRIL,13,1769,16,18,12,13.7,1026.7
2018-04-14,2018,ABRIL,14,1681,19,21,16,23.9,1027.5
2018-04-15,2018,ABRIL,15,1508,20,23,18,20.2,1027.2
2018-04-16,2018,ABRIL,16,1716,21,24,19,15.1,1023.3
2018-04-17,2018,ABRIL,17,1791,23,25,21,13.8,1018.4
2018-04-18,2018,ABRIL,18,1815,24,28,21,10.4,1016.5
2018-04-19,2018,ABRIL,19,1793,24,27,21,12.6,1014.3
2018-04-20,2018,ABRIL,20,1778,23,24,22,12.6,1011.3
2018-04-21,2018,ABRIL,21,1686,22,24,20,9.7,1011.4
2018-04-22,2018,ABRIL,22,1509,23,24,21,8.2,1010.8
2018-04-23,2018,ABRIL,23,1711,22,23,20,15,1014.3
2018-04-24,2018,ABRIL,24,1736,20,22,19,19.5,1019.9
2018-04-25,2018,ABRIL,25,1763,22,25,21,11.3,1018.5
2018-04-26,2018,ABRIL,26,1806,24,26,22,11.1,1015.1
2018-04-27,2018,ABRIL,27,1805,25,31,23,12,1011.6
2018-04-28,2018,ABRIL,28,1687,22,23,20,16.5,1015.9
2018-04-29,2018,ABRIL,29,1494,21,22,19,19.2,1013.5
2018-04-30,2018,ABRIL,30,1623,20,21,18,12.1,1016.2
2018-05-01,2018,MAYO,1,1341,16,18,15,20,1021.5
2018-05-02,2018,MAYO,2,1612,18,19,18,19.2,1017
2018-05-03,2018,MAYO,3,1702,19,22,17,8.3,1014.6
2018-05-04,2018,MAYO,4,1738,19,20,18,19.6,1015.6
2018-05-05,2018,MAYO,5,1641,19,21,17,17,1020.8
2018-05-06,2018,MAYO,6,1462,20,22,19,19.2,1023.6
2018-05-07,2018,MAYO,7,1703,21,23,20,19.8,1021.2
2018-05-08,2018,MAYO,8,1733,20,22,19,13.5,1017.8
2018-05-09,2018,MAYO,9,1743,20,21,19,8.3,1015.2
2018-05-10,2018,MAYO,10,1749,20,20,19,18.5,1011.3
2018-05-11,2018,MAYO,11,1778,18,21,16,15,1008.2
2018-05-12,2018,MAYO,12,1660,18,22,14,7.3,1016.3
2018-05-13,2018,MAYO,13,1469,18,20,14,8,1017
2018-05-14,2018,MAYO,14,1703,18,20,17,16.1,1012.2
2018-05-15,2018,MAYO,15,1755,18,20,15,11.6,1013.9
2018-05-16,2018,MAYO,16,1808,13,16,10,9.6,1021.6
2018-05-17,2018,MAYO,17,1805,13,13,12,9.2,1019
2018-05-18,2018,MAYO,18,1786,13,18,10,9.2,1016.3
2018-05-19,2018,MAYO,19,1747,12,15,10,10.6,1019
2018-05-20,2018,MAYO,20,1594,13,16,9,7.4,1018.3
2018-05-21,2018,MAYO,21,1817,14,18,12,9.4,1016.6
2018-05-22,2018,MAYO,22,1887,13,17,9,7.5,1020.8
2018-05-23,2018,MAYO,23,1870,15,20,11,11.1,1021.9
2018-05-24,2018,MAYO,24,1865,16,20,12,9.7,1023.9
2018-05-25,2018,MAYO,25,1613,15,18,11,11,1022.6
2018-05-26,2018,MAYO,26,1685,16,18,14,13.8,1017.1
2018-05-27,2018,MAYO,27,1564,18,21,16,7.3,1016.2
2018-05-28,2018,MAYO,28,1768,20,23,17,10.2,1011.7
2018-05-29,2018,MAYO,29,1784,21,24,20,8.4,1011.2
2018-05-30,2018,MAYO,30,1787,17,20,14,12.7,1013.5
2018-05-31,2018,MAYO,31,1864,12,14,11,15.2,1018.8
2018-06-01,2018,JUNIO,1,1843,11,12,9,14.2,1021
2018-06-02,2018,JUNIO,2,1794,9,12,7,8.1,1026.2
2018-06-03,2018,JUNIO,3,1611,10,12,7,7.6,1032.1
2018-06-04,2018,JUNIO,4,1871,11,13,10,10,1029.1
2018-06-05,2018,JUNIO,5,1918,10,13,7,5.5,1022.6
2018-06-06,2018,JUNIO,6,1893,12,16,8,16,1013.9
2018-06-07,2018,JUNIO,7,1923,11,13,9,12,1015.5
2018-06-08,2018,JUNIO,8,1917,10,15,7,12.3,1015.2
2018-06-09,2018,JUNIO,9,1786,12,15,10,11.6,1012
2018-06-10,2018,JUNIO,10,1564,15,18,14,11.3,1005.3
2018-06-11,2018,JUNIO,11,1847,14,16,13,12.4,1006.7
2018-06-12,2018,JUNIO,12,1908,11,14,7,13.7,1010.5
2018-06-13,2018,JUNIO,13,1911,9,11,7,14,1020.8
2018-06-14,2018,JUNIO,14,1916,8,12,5,8.7,1028.3
2018-06-15,2018,JUNIO,15,1941,8,12,5,5.3,1032.4
2018-06-16,2018,JUNIO,16,1818,8,11,5,8.7,1032.1
2018-06-17,2018,JUNIO,17,1507,10,14,6,17,1028.2
2018-06-18,2018,JUNIO,18,1779,11,15,7,14.9,1025.4
2018-06-19,2018,JUNIO,19,1853,12,16,9,13.2,1019.3
2018-06-20,2018,JUNIO,20,1602,13,16,10,5.2,1016.3
2018-06-21,2018,JUNIO,21,1766,16,18,12,13.5,1013.5
2018-06-22,2018,JUNIO,22,1901,11,15,8,9.8,1016.4
2018-06-23,2018,JUNIO,23,1816,13,17,10,9,1013.1
2018-06-24,2018,JUNIO,24,1642,6,9,3,9.6,1023.9
2018-06-25,2018,JUNIO,25,1650,8,15,4,11.7,1017.2
2018-06-26,2018,JUNIO,26,1819,11,17,7,11.1,1013.6
2018-06-27,2018,JUNIO,27,1881,13,19,8,11.3,1012.5
2018-06-28,2018,JUNIO,28,1857,13,16,10,9.1,1015.4
2018-06-29,2018,JUNIO,29,1838,14,17,13,7.1,1014.6
2018-06-30,2018,JUNIO,30,1693,11,14,10,8,1015.3
2018-07-01,2018,JULIO,1,1543,13,15,11,8.5,1010.1
2018-07-02,2018,JULIO,2,1818,13,15,10,9.8,1013.7
2018-07-03,2018,JULIO,3,1923,7,9,4,11.3,1027.1
2018-07-04,2018,JULIO,4,1915,8,10,7,13.6,1023
2018-07-05,2018,JULIO,5,1877,10,11,10,22,1020.7
2018-07-06,2018,JULIO,6,1927,11,11,10,29.5,1021.4
2018-07-07,2018,JULIO,7,1821,12,12,11,20.4,1016
2018-07-08,2018,JULIO,8,1588,12,15,10,12.2,1024.6
2018-07-09,2018,JULIO,9,1543,10,12,8,7.7,1033
2018-07-10,2018,JULIO,10,1797,9,11,7,9.8,1031.8
2018-07-11,2018,JULIO,11,1907,12,14,10,12,1026.5
2018-07-12,2018,JULIO,12,1860,13,16,10,15.5,1020.3
2018-07-13,2018,JULIO,13,1816,13,15,11,8.7,1015.9
2018-07-14,2018,JULIO,14,1673,14,19,11,8.3,1009.5
2018-07-15,2018,JULIO,15,1545,15,17,13,11.1,1013.4
2018-07-16,2018,JULIO,16,1812,10,11,9,23.9,1024.7
2018-07-17,2018,JULIO,17,1917,11,13,9,31.5,1021.9
2018-07-18,2018,JULIO,18,1869,13,14,12,15.7,1013.5
2018-07-19,2018,JULIO,19,1868,13,14,13,8.1,1008.2
2018-07-20,2018,JULIO,20,1900,9,13,7,15.1,1011.2
2018-07-21,2018,JULIO,21,1785,9,14,5,15.4,1016.5
2018-07-22,2018,JULIO,22,1648,10,11,8,12.4,1017.7
2018-07-23,2018,JULIO,23,1855,9,11,6,8.3,1028
2018-07-24,2018,JULIO,24,1945,8,10,4,9.9,1034.2
2018-07-25,2018,JULIO,25,1939,11,12,9,25,1029.9
2018-07-26,2018,JULIO,26,1883,12,13,11,26.3,1020.5
2018-07-27,2018,JULIO,27,1848,12,13,11,16.6,1019.1
2018-07-28,2018,JULIO,28,1737,12,13,12,10.2,1012.1
2018-07-29,2018,JULIO,29,1588,12,13,11,12.3,1010.1
2018-07-30,2018,JULIO,30,1809,11,17,6,7.6,1016.3
2018-07-31,2018,JULIO,31,1874,9,12,6,8.8,1025.7
2018-08-01,2018,AGOSTO,1,1880,9,11,8,12.3,1025.5
2018-08-02,2018,AGOSTO,2,1893,10,11,7,13.5,1024.6
2018-08-03,2018,AGOSTO,3,1929,11,13,9,13.2,1020.1
2018-08-04,2018,AGOSTO,4,1764,12,16,10,7.6,1019.2
2018-08-05,2018,AGOSTO,5,1598,12,16,8,6.9,1018.1
2018-08-06,2018,AGOSTO,6,1761,13,17,10,10.4,1017.9
2018-08-07,2018,AGOSTO,7,1810,14,17,12,13,1013.1
2018-08-08,2018,AGOSTO,8,1912,13,17,9,13,1013.1
2018-08-09,2018,AGOSTO,9,1903,10,12,7,15.6,1021.8
2018-08-10,2018,AGOSTO,10,1922,9,13,6,9,1022.7
2018-08-11,2018,AGOSTO,11,1786,12,13,11,8.1,1022.6
2018-08-12,2018,AGOSTO,12,1621,14,16,13,12.6,1020.7
2018-08-13,2018,AGOSTO,13,1825,14,16,13,12.1,1015.1
2018-08-14,2018,AGOSTO,14,1859,14,17,11,12,1019.3
2018-08-15,2018,AGOSTO,15,1837,11,14,8,7.7,1025.8
2018-08-16,2018,AGOSTO,16,1831,13,15,11,13.5,1025.6
2018-08-17,2018,AGOSTO,17,1798,15,18,13,11.7,1021.4
2018-08-18,2018,AGOSTO,18,1739,16,24,10,11.8,1016.1
2018-08-19,2018,AGOSTO,19,1630,10,12,7,12.6,1026.8
2018-08-20,2018,AGOSTO,20,1588,7,12,4,10.3,1031.4
2018-08-21,2018,AGOSTO,21,1811,9,12,5,7.5,1028.8
2018-08-22,2018,AGOSTO,22,1903,11,15,7,11.8,1024
2018-08-23,2018,AGOSTO,23,1848,12,14,10,20.4,1014.3
2018-08-24,2018,AGOSTO,24,1875,12,13,10,13.1,1014.3
2018-08-25,2018,AGOSTO,25,1772,10,14,5,11.5,1022.8
2018-08-26,2018,AGOSTO,26,1533,12,19,8,17.5,1022.7
2018-08-27,2018,AGOSTO,27,1708,14,19,11,15.8,1018.3
2018-08-28,2018,AGOSTO,28,1717,15,19,12,10.4,1016.1
2018-08-29,2018,AGOSTO,29,1723,17,22,12,6.9,1011.8
2018-08-30,2018,AGOSTO,30,1805,13,19,8,20.9,1014.3
2018-08-31,2018,AGOSTO,31,1874,9,11,7,21.9,1022.5
2018-09-01,2018,SEPTIEMBRE,1,1752,10,14,8,23,1025.2
2018-09-02,2018,SEPTIEMBRE,2,1561,12,15,9,15.5,1024.3
2018-09-03,2018,SEPTIEMBRE,3,1776,13,15,10,7.9,1023.4
2018-09-04,2018,SEPTIEMBRE,4,1758,14,18,11,8.3,1021.1
2018-09-05,2018,SEPTIEMBRE,5,1751,16,19,13,14.7,1016.8
2018-09-06,2018,SEPTIEMBRE,6,1691,17,21,14,9.5,1014.6
2018-09-07,2018,SEPTIEMBRE,7,1588,17,19,14,16.8,1018.5
2018-09-08,2018,SEPTIEMBRE,8,1600,16,17,15,24.2,1021.9
2018-09-09,2018,SEPTIEMBRE,9,1550,15,16,13,30.6,1024.5
2018-09-10,2018,SEPTIEMBRE,10,1781,15,15,14,27.9,1025.3
2018-09-11,2018,SEPTIEMBRE,11,1785,16,18,14,19.6,1022.4
2018-09-12,2018,SEPTIEMBRE,12,1788,15,17,14,16.8,1019.1
2018-09-13,2018,SEPTIEMBRE,13,1750,15,18,13,14.3,1018.3
2018-09-14,2018,SEPTIEMBRE,14,1758,15,18,13,17.6,1017.7
2018-09-15,2018,SEPTIEMBRE,15,1635,16,18,15,12.4,1014.4
2018-09-16,2018,SEPTIEMBRE,16,1456,18,20,16,12.2,1013.5
2018-09-17,2018,SEPTIEMBRE,17,1621,18,22,16,9.6,1012.8
2018-09-18,2018,SEPTIEMBRE,18,1658,19,21,17,14.8,1008.6
2018-09-19,2018,SEPTIEMBRE,19,1658,17,21,13,13.7,1009.3
2018-09-20,2018,SEPTIEMBRE,20,1716,18,21,14,8.5,1015.5
2018-09-21,2018,SEPTIEMBRE,21,1702,21,28,16,14.1,1011
2018-09-22,2018,SEPTIEMBRE,22,1573,23,29,19,13.2,1005.2
2018-09-23,2018,SEPTIEMBRE,23,1418,20,23,18,19.5,1007.3
2018-09-24,2018,SEPTIEMBRE,24,1569,18,20,15,13.6,1017
2018-09-25,2018,SEPTIEMBRE,25,1371,18,20,17,19.9,1016.6
2018-09-26,2018,SEPTIEMBRE,26,1582,19,22,18,16.4,1013.9
2018-09-27,2018,SEPTIEMBRE,27,1683,17,18,15,31,1016.8
2018-09-28,2018,SEPTIEMBRE,28,1716,17,21,16,21.7,1014.3
2018-09-29,2018,SEPTIEMBRE,29,1565,19,21,17,27.3,1003
2018-09-30,2018,SEPTIEMBRE,30,1433,18,19,16,13.4,1006.3
2018-10-01,2018,OCTUBRE,1,1641,14,15,13,17,1014.3
2018-10-02,2018,OCTUBRE,2,1684,13,17,8,8.4,1018.2
2018-10-03,2018,OCTUBRE,3,1667,16,22,12,10.3,1018.1
2018-10-04,2018,OCTUBRE,4,1645,16,19,12,9.5,1021.5
2018-10-05,2018,OCTUBRE,5,1650,14,16,11,12.3,1024.6
2018-10-06,2018,OCTUBRE,6,1570,16,20,12,15.7,1019.4
2018-10-07,2018,OCTUBRE,7,1426,19,22,16,16.2,1013
2018-10-08,2018,OCTUBRE,8,1621,22,27,19,11,1006.7
2018-10-09,2018,OCTUBRE,9,1631,21,26,18,11,1009.5
2018-10-10,2018,OCTUBRE,10,1626,18,21,15,10.9,1020.6
2018-10-11,2018,OCTUBRE,11,1678,14,16,13,18.3,1025
2018-10-12,2018,OCTUBRE,12,1711,13,16,11,13.4,1019.3
2018-10-13,2018,OCTUBRE,13,1620,16,23,11,7.2,1019.3
2018-10-14,2018,OCTUBRE,14,1458,19,24,14,16,1017
2018-10-15,2018,OCTUBRE,15,1361,20,25,15,14.9,1011.6
2018-10-16,2018,OCTUBRE,16,1580,22,25,19,13.7,1007.8
2018-10-17,2018,OCTUBRE,17,1678,23,28,19,15.2,1007.8
2018-10-18,2018,OCTUBRE,18,1678,20,22,18,20.4,1014.1
2018-10-19,2018,OCTUBRE,19,1687,17,20,14,22.9,1023.9
2018-10-20,2018,OCTUBRE,20,1590,16,17,14,23.2,1023.4
2018-10-21,2018,OCTUBRE,21,1432,17,19,15,16.1,1017.9
2018-10-22,2018,OCTUBRE,22,1648,19,23,15,7.6,1015.5
2018-10-23,2018,OCTUBRE,23,1670,16,19,13,20,1022
2018-10-24,2018,OCTUBRE,24,1751,14,19,13,20.7,1022
2018-10-25,2018,OCTUBRE,25,1711,17,20,14,11.8,1018.7
2018-10-26,2018,OCTUBRE,26,1674,17,20,15,13.3,1017.3
2018-10-27,2018,OCTUBRE,27,1575,17,20,15,13,1016.8
2018-10-28,2018,OCTUBRE,28,1417,19,22,17,12.4,1016.4
2018-10-29,2018,OCTUBRE,29,1634,21,25,19,15,1012.1
2018-10-30,2018,OCTUBRE,30,1675,20,23,18,13.5,1010
2018-10-31,2018,OCTUBRE,31,1698,18,20,16,12.1,1013.1
2018-11-01,2018,NOVIEMBRE,1,1663,13,17,9,15.1,1019.7
2018-11-02,2018,NOVIEMBRE,2,1728,16,19,13,23.7,1012
2018-11-03,2018,NOVIEMBRE,3,1630,19,22,15,15.7,1011.3
2018-11-04,2018,NOVIEMBRE,4,1429,22,25,18,11.3,1013.6
2018-11-05,2018,NOVIEMBRE,5,1658,22,24,20,15.6,1013.5
2018-11-06,2018,NOVIEMBRE,6,1742,21,24,18,14.5,1018.7
2018-11-07,2018,NOVIEMBRE,7,1698,18,21,15,20.8,1025.6
2018-11-08,2018,NOVIEMBRE,8,1706,21,25,17,19.8,1018.2
2018-11-09,2018,NOVIEMBRE,9,1818,25,29,23,14.1,1009.9
2018-11-10,2018,NOVIEMBRE,10,1650,21,26,18,30.4,1006.8
2018-11-11,2018,NOVIEMBRE,11,1491,22,24,21,17.2,1007.5
2018-11-12,2018,NOVIEMBRE,12,1685,23,26,10,15.1,1006.9
2018-11-13,2018,NOVIEMBRE,13,1673,23,26,21,11.6,1002.4
2018-11-14,2018,NOVIEMBRE,14,1666,21,26,17,16.2,1003.1
2018-11-15,2018,NOVIEMBRE,15,1703,24,30,19,11.7,1007.8
2018-11-16,2018,NOVIEMBRE,16,1649,17,22,12,23,1018.2
2018-11-17,2018,NOVIEMBRE,17,1578,20,23,18,18.5,1008.8
2018-11-18,2018,NOVIEMBRE,18,1425,20,24,15,11.1,1013.9
2018-11-19,2018,NOVIEMBRE,19,1332,22,26,16,13.4,1015.7
2018-11-20,2018,NOVIEMBRE,20,1574,23,28,18,17,1013.4
2018-11-21,2018,NOVIEMBRE,21,1836,26,30,20,15.3,1010.3
2018-11-22,2018,NOVIEMBRE,22,1705,25,29,18,14.9,1008.5
2018-11-23,2018,NOVIEMBRE,23,1634,17,21,13,21.9,1014.9
2018-11-24,2018,NOVIEMBRE,24,1541,19,23,14,14.6,1014.5
2018-11-25,2018,NOVIEMBRE,25,1418,19,23,14,7.3,1015.8
2018-11-26,2018,NOVIEMBRE,26,1642,23,28,21,9.1,1018.2
2018-11-27,2018,NOVIEMBRE,27,1638,22,24,21,22.4,1017.5
2018-11-28,2018,NOVIEMBRE,28,1673,21,22,19,25.6,1015.7
2018-11-29,2018,NOVIEMBRE,29,1676,20,22,18,20.6,1014.1
2018-11-30,2018,NOVIEMBRE,30,1704,21,24,19,13.8,1010.4
2018-12-01,2018,DICIEMBRE,1,1539,17,21,15,15.2,1015.2
2018-12-02,2018,DICIEMBRE,2,1440,15,19,10,14.2,1021.1
2018-12-03,2018,DICIEMBRE,3,1600,20,28,14,14.7,1012
2018-12-04,2018,DICIEMBRE,4,1672,19,25,15,15.3,1006.7
2018-12-05,2018,DICIEMBRE,5,1683,17,19,16,17.8,1010.5
2018-12-06,2018,DICIEMBRE,6,1640,18,20,15,21.2,1023.6
2018-12-07,2018,DICIEMBRE,7,1609,17,21,13,12.5,1024.3
2018-12-08,2018,DICIEMBRE,8,1404,21,26,16,14.2,1018
2018-12-09,2018,DICIEMBRE,9,1373,23,27,18,13.2,1011.7
2018-12-10,2018,DICIEMBRE,10,1681,23,27,17,9.8,1013.2
2018-12-11,2018,DICIEMBRE,11,1722,23,25,20,16.5,1009.9
2018-12-12,2018,DICIEMBRE,12,1730,23,27,20,12.8,1012.5
2018-12-13,2018,DICIEMBRE,13,1642,19,23,16,37.5,1010.2
2018-12-14,2018,DICIEMBRE,14,1583,20,25,16,17.9,1004.4
2018-12-15,2018,DICIEMBRE,15,1524,22,26,18,9.8,1015.9
2018-12-16,2018,DICIEMBRE,16,1480,25,30,21,13.7,1013
2018-12-17,2018,DICIEMBRE,17,1593,21,27,19,15.5,1009.3
2018-12-18,2018,DICIEMBRE,18,1604,19,22,15,19.6,1018.4
2018-12-19,2018,DICIEMBRE,19,1669,21,25,19,14.8,1014
2018-12-20,2018,DICIEMBRE,20,1720,23,26,19,13.9,1006.7
2018-12-21,2018,DICIEMBRE,21,1688,24,27,21,9.7,1006.1
2018-12-22,2018,DICIEMBRE,22,1661,23,27,19,9.8,1010.3
2018-12-23,2018,DICIEMBRE,23,1616,25,29,21,12.5,1014
2018-12-24,2018,DICIEMBRE,24,1684,26,29,23,14.4,1014.8
2018-12-25,2018,DICIEMBRE,25,1432,26,29,23,18.7,1012.3
2018-12-26,2018,DICIEMBRE,26,1795,27,29,24,18.2,1009.9
2018-12-27,2018,DICIEMBRE,27,1847,27,30,25,14.5,1006.3
2018-12-28,2018,DICIEMBRE,28,1853,27,29,25,17.4,1008
2018-12-29,2018,DICIEMBRE,29,1748,25,28,21,17.8,1006.5
2018-12-30,2018,DICIEMBRE,30,1387,23,29,19,14.5,1007.4
2018-12-31,2018,DICIEMBRE,31,1453,23,26,21,21.1,1012.7
2019-01-01,2019,ENERO,1,1355,27,31,23,17,1008.8
2019-01-02,2019,ENERO,2,1659,27,30,25,13.2,1004
2019-01-03,2019,ENERO,3,1583,21,25,18,14.7,1010.6
2019-01-04,2019,ENERO,4,1670,23,27,19,15.3,1013.3
2019-01-05,2019,ENERO,5,1714,26,29,24,16.1,1012.3
2019-01-06,2019,ENERO,6,1542,26,29,22,13.4,1006.2
2019-01-07,2019,ENERO,7,1731,25,28,22,8,1000
2019-01-08,2019,ENERO,8,1838,27,31,23,12.2,1006.3
2019-01-09,2019,ENERO,9,1795,27,30,23,17.3,1005.9
2019-01-10,2019,ENERO,10,1653,22,25,20,17.7,1012.6
2019-01-11,2019,ENERO,11,1647,19,23,15,13.9,1019.5
2019-01-12,2019,ENERO,12,1729,23,26,21,18.3,1015.8
2019-01-13,2019,ENERO,13,1540,24,25,21,15.1,1012.8
2019-01-14,2019,ENERO,14,1790,24,27,21,13.3,1012.8
2019-01-15,2019,ENERO,15,1808,23,26,20,16.3,1009.5
2019-01-16,2019,ENERO,16,1892,23,27,20,8.5,1008.7
2019-01-17,2019,ENERO,17,1784,22,26,19,19.7,1016.4
2019-01-18,2019,ENERO,18,1727,19,23,14,16.2,1021
2019-01-19,2019,ENERO,19,1634,21,24,18,12.8,1021.8
2019-01-20,2019,ENERO,20,1520,22,25,20,19.4,1018.3
2019-01-21,2019,ENERO,21,1837,25,28,21,16.2,1012.6
2019-01-22,2019,ENERO,22,2022,27,31,23,11.8,1010.6
2019-01-23,2019,ENERO,23,1953,26,28,23,19.9,1012.8
2019-01-24,2019,ENERO,24,2007,26,29,23,22,1015.7
2019-01-25,2019,ENERO,25,1847,24,28,22,20,1013
2019-01-26,2019,ENERO,26,1735,26,29,24,9.2,1011.5
2019-01-27,2019,ENERO,27,1695,27,29,25,19.3,1012
2019-01-28,2019,ENERO,28,2107,29,34,27,10.8,1008.8
2019-01-29,2019,ENERO,29,2206,30,34,26,15.9,1007.4
2019-01-30,2019,ENERO,30,1940,26,31,23,17.6,1007.1
2019-01-31,2019,ENERO,31,1864,25,29,20,14.4,1011.4
2019-02-01,2019,FEBRERO,1,1990,28,32,26,11.6,1010.5
2019-02-02,2019,FEBRERO,2,1724,25,28,21,16.8,1018
2019-02-03,2019,FEBRERO,3,1502,20,24,15,17.9,1024.9
2019-02-04,2019,FEBRERO,4,1704,22,24,20,15.9,1023.3
2019-02-05,2019,FEBRERO,5,1776,23,25,21,13.9,1020.1
2019-02-06,2019,FEBRERO,6,1864,25,27,23,15.4,1014.9
2019-02-07,2019,FEBRERO,7,1917,26,29,23,14.5,1009.7
2019-02-08,2019,FEBRERO,8,1923,28,30,25,12.7,1008.1
2019-02-09,2019,FEBRERO,9,1862,28,34,24,9.2,1007.3
2019-02-10,2019,FEBRERO,10,1750,29,33,24,9.1,1004.3
2019-02-11,2019,FEBRERO,11,1657,24,30,19,11.6,1005.3
2019-02-12,2019,FEBRERO,12,1580,18,22,14,15.8,1023.9
2019-02-13,2019,FEBRERO,13,1621,20,22,17,11.3,1020.9
2019-02-14,2019,FEBRERO,14,1660,21,23,17,12.6,1016.6
2019-02-15,2019,FEBRERO,15,1754,22,26,18,8.8,1015.8
2019-02-16,2019,FEBRERO,16,1738,24,27,20,8.7,1016.2
2019-02-17,2019,FEBRERO,17,1652,25,28,23,16.8,1014.1
2019-02-18,2019,FEBRERO,18,1980,26,30,24,14.7,1009.8
2019-02-19,2019,FEBRERO,19,2023,29,34,25,11.1,1006.8
2019-02-20,2019,FEBRERO,20,2134,30,34,26,12.5,1006.8
2019-02-21,2019,FEBRERO,21,2072,28,31,25,17.5,1009.8
2019-02-22,2019,FEBRERO,22,1935,28,29,27,11.7,1009
2019-02-23,2019,FEBRERO,23,1660,25,27,23,11.2,1006.2
2019-02-24,2019,FEBRERO,24,1420,22,24,19,11,1005.4
2019-02-25,2019,FEBRERO,25,1553,19,22,15,12.1,1012.5
2019-02-26,2019,FEBRERO,26,1622,18,22,14,7.9,1017
2019-02-27,2019,FEBRERO,27,1666,20,26,15,14.7,1015.4
2019-02-28,2019,FEBRERO,28,1698,20,22,17,10.1,1014.3
2019-03-01,2019,MARZO,1,1742,24,29,20,20.2,1009.9
2019-03-02,2019,MARZO,2,1644,23,27,18,12.1,1011.8
2019-03-03,2019,MARZO,3,1478,22,25,20,15.6,1014.1
2019-03-04,2019,MARZO,4,1386,22,25,20,11.3,1007.9
2019-03-05,2019,MARZO,5,1418,23,25,20,7.9,1013.6
2019-03-06,2019,MARZO,6,1718,25,30,22,11.3,1011.5
2019-03-07,2019,MARZO,7,1826,26,30,20,12.1,1006.2
2019-03-08,2019,MARZO,8,1623,20,22,18,17.3,1014.1
2019-03-09,2019,MARZO,9,1515,17,21,13,20.3,1025.9
2019-03-10,2019,MARZO,10,1393,20,22,18,15.3,1025.6
2019-03-11,2019,MARZO,11,1649,21,23,19,21.4,1020.2
2019-03-12,2019,MARZO,12,1662,20,23,19,9.8,1012.8
2019-03-13,2019,MARZO,13,1703,20,24,18,9,1011.3
2019-03-14,2019,MARZO,14,1706,21,25,16,9.2,1013.8
2019-03-15,2019,MARZO,15,1717,22,24,20,18.4,1016.4
2019-03-16,2019,MARZO,16,1626,23,25,22,20.7,1015.7
2019-03-17,2019,MARZO,17,1501,24,26,22,15.6,1012
2019-03-18,2019,MARZO,18,1709,25,29,21,7.3,1008
2019-03-19,2019,MARZO,19,1674,19,26,17,14.7,1014.4
2019-03-20,2019,MARZO,20,1701,17,20,14,10.5,1021.9
2019-03-21,2019,MARZO,21,1706,16,19,13,9.8,1022.5
2019-03-22,2019,MARZO,22,1686,19,22,17,10.8,1019.5
2019-03-23,2019,MARZO,23,1617,21,24,17,11.1,1016.1
2019-03-24,2019,MARZO,24,1361,20,21,17,13.6,1014.2
2019-03-25,2019,MARZO,25,1628,16,21,12,11.1,1019
2019-03-26,2019,MARZO,26,1708,17,21,13,17.7,1023.7
2019-03-27,2019,MARZO,27,1708,18,21,16,13.9,1027.3
2019-03-28,2019,MARZO,28,1668,20,24,18,22.3,1025.9
2019-03-29,2019,MARZO,29,1682,21,24,20,16.8,1020.2
2019-03-30,2019,MARZO,30,1653,23,28,21,8.2,1015
2019-03-31,2019,MARZO,31,1483,24,27,21,9.4,1015.3
2019-04-01,2019,ABRIL,1,1685,23,24,22,14.4,1014.6
2019-04-02,2019,ABRIL,2,1552,25,32,22,10.9,1010.7
2019-04-03,2019,ABRIL,3,1626,21,27,18,17,1011.3
2019-04-04,2019,ABRIL,4,1713,22,29,20,17.1,1002.6
2019-04-05,2019,ABRIL,5,1697,17,21,14,12,1015.3
2019-04-06,2019,ABRIL,6,1609,18,21,14,10,1020.8
2019-04-07,2019,ABRIL,7,1459,19,23,14,9.2,1019.5
2019-04-08,2019,ABRIL,8,1652,20,24,16,7.3,1018.7
2019-04-09,2019,ABRIL,9,1708,22,26,20,11.1,1017
2019-04-10,2019,ABRIL,10,1714,22,25,20,11.4,1013.7
2019-04-11,2019,ABRIL,11,1671,18,24,14,10.8,1014.8
2019-04-12,2019,ABRIL,12,1695,16,19,13,7.1,1017.1
2019-04-13,2019,ABRIL,13,1598,20,24,16,15.1,1012
2019-04-14,2019,ABRIL,14,1426,21,25,18,10.2,1011.9
2019-04-15,2019,ABRIL,15,1650,19,22,17,20.1,1020.3
2019-04-16,2019,ABRIL,16,1708,18,20,15,11.9,1022.1
2019-04-17,2019,ABRIL,17,1718,20,24,16,16.1,1015.9
2019-04-18,2019,ABRIL,18,1697,20,23,16,10.2,1012.6
2019-04-19,2019,ABRIL,19,1478,22,28,18,9.5,1010
2019-04-20,2019,ABRIL,20,1548,20,24,15,14,1012.9
2019-04-21,2019,ABRIL,21,1481,17,19,14,8.1,1016.9
2019-04-22,2019,ABRIL,22,1705,17,19,15,10,1019.8
2019-04-23,2019,ABRIL,23,1745,16,18,15,15.1,1022.3
2019-04-24,2019,ABRIL,24,1739,17,19,15,16.1,1022.6
2019-04-25,2019,ABRIL,25,1769,19,20,18,35,1022.6
2019-04-26,2019,ABRIL,26,1780,18,19,17,31.8,1018.1
2019-04-27,2019,ABRIL,27,1672,18,20,16,10.9,1011.7
2019-04-28,2019,ABRIL,28,1490,19,23,16,8.3,1012
2019-04-29,2019,ABRIL,29,1673,19,24,15,9.4,1011.8
2019-04-30,2019,ABRIL,30,1676,16,19,14,12.3,1019.1
2019-05-01,2019,MAYO,1,1311,16,20,14,13.6,1017.3
2019-05-02,2019,MAYO,2,1604,18,24,15,16.6,1007.1
2019-05-03,2019,MAYO,3,1713,21,26,18,6.6,1008.3
2019-05-04,2019,MAYO,4,1627,19,20,18,23.3,1014.2
2019-05-05,2019,MAYO,5,1454,19,20,18,14.7,1012.3
2019-05-06,2019,MAYO,6,1650,17,19,14,15.3,1020.1
2019-05-07,2019,MAYO,7,1748,15,17,14,20.5,1022
2019-05-08,2019,MAYO,8,1740,17,18,16,18.5,1020.6
2019-05-09,2019,MAYO,9,1767,18,20,16,17.6,1008.9
2019-05-10,2019,MAYO,10,1766,17,18,15,11.9,1006.4
2019-05-11,2019,MAYO,11,1694,15,20,12,10.1,1013.8
2019-05-12,2019,MAYO,12,1500,16,21,12,9.6,1018.5
2019-05-13,2019,MAYO,13,1692,18,24,14,13.9,1022
2019-05-14,2019,MAYO,14,1797,14,16,11,17.1,1028.9
2019-05-15,2019,MAYO,15,1780,17,18,15,15,1024
2019-05-16,2019,MAYO,16,1781,18,21,15,9.3,1024.1
2019-05-17,2019,MAYO,17,1739,19,21,17,15,1017.9
2019-05-18,2019,MAYO,18,1630,20,23,17,11,1015
2019-05-19,2019,MAYO,19,1482,16,20,14,10.6,1017.2
2019-05-20,2019,MAYO,20,1767,15,17,14,21.6,1017.6
2019-05-21,2019,MAYO,21,1846,15,16,13,21.5,1018.7
2019-05-22,2019,MAYO,22,1851,14,17,11,12.3,1022.3
2019-05-23,2019,MAYO,23,1853,13,17,10,7.9,1020.5
2019-05-24,2019,MAYO,24,1829,14,20,10,8.1,1016.2
2019-05-25,2019,MAYO,25,1545,14,18,11,13,1014.4
2019-05-26,2019,MAYO,26,1508,16,18,13,12.2,1011.6
2019-05-27,2019,MAYO,27,1782,16,18,14,6.6,1012
2019-05-28,2019,MAYO,28,1835,15,17,12,7.3,1014.6
2019-05-29,2019,MAYO,29,1657,12,14,11,10.1,1019.1
2019-05-30,2019,MAYO,30,1875,13,14,11,20.1,1019.2
2019-05-31,2019,MAYO,31,1904,13,16,12,13.4,1018.3
2019-06-01,2019,JUNIO,1,1761,15,17,14,9.7,1017.2
2019-06-02,2019,JUNIO,2,1545,15,20,12,6,1020.3
2019-06-03,2019,JUNIO,3,1788,16,20,13,9.8,1023.7
2019-06-04,2019,JUNIO,4,1841,16,18,14,12.4,1024.3
2019-06-05,2019,JUNIO,5,1841,16,18,14,17.8,1017.5
2019-06-06,2019,JUNIO,6,1824,17,19,15,12.4,1011.9
2019-06-07,2019,JUNIO,7,1827,16,18,14,8.9,1015.2
2019-06-08,2019,JUNIO,8,1746,14,19,10,10.5,1019.2
2019-06-09,2019,JUNIO,9,1550,14,18,10,11,1017.2
2019-06-10,2019,JUNIO,10,1782,17,18,16,7.9,1014.4
2019-06-11,2019,JUNIO,11,1877,15,17,13,20,1016.7
2019-06-12,2019,JUNIO,12,1817,18,22,16,9,1009.9
2019-06-13,2019,JUNIO,13,1832,17,20,15,17.4,1011.4
2019-06-14,2019,JUNIO,14,1840,16,19,13,10.1,1012.5
2019-06-15,2019,JUNIO,15,1789,13,14,12,21.8,1018.3
2019-06-16,2019,JUNIO,16,919,16,17,14,29.9,1019.7
2019-06-17,2019,JUNIO,17,1414,16,17,14,14.1,1018.3
2019-06-18,2019,JUNIO,18,1715,13,15,11,12.7,1011.8
2019-06-19,2019,JUNIO,19,1761,14,17,12,17.2,1013
2019-06-20,2019,JUNIO,20,1539,12,15,8,7,1021.4
2019-06-21,2019,JUNIO,21,1701,14,16,13,9.5,1019.7
2019-06-22,2019,JUNIO,22,1615,16,18,15,6,1018.7
2019-06-23,2019,JUNIO,23,1456,18,21,16,6.4,1011.3
2019-06-24,2019,JUNIO,24,1749,15,17,12,12.1,1007.3
2019-06-25,2019,JUNIO,25,1820,13,16,8,14.5,1004.4
2019-06-26,2019,JUNIO,26,1903,9,14,6,13,1014.6
2019-06-27,2019,JUNIO,27,1881,11,14,8,19.7,1012.8
2019-06-28,2019,JUNIO,28,1827,13,14,12,11.1,1008.8
2019-06-29,2019,JUNIO,29,1713,13,14,13,12.1,1008.2
2019-06-30,2019,JUNIO,30,1561,11,13,9,11,1015
2019-07-01,2019,JULIO,1,1845,9,12,5,11.4,1019.4
2019-07-02,2019,JULIO,2,1888,11,15,9,17.1,1007
2019-07-03,2019,JULIO,3,1894,9,12,5,13.9,1011.4
2019-07-04,2019,JULIO,4,1932,8,10,5,11.8,1018.3
2019-07-05,2019,JULIO,5,1953,6,10,2,12.4,1026.7
2019-07-06,2019,JULIO,6,1833,7,12,4,5.6,1028.5
2019-07-07,2019,JULIO,7,1632,8,12,5,11.2,1027.2
2019-07-08,2019,JULIO,8,1753,10,12,8,13.5,1022.9
2019-07-09,2019,JULIO,9,1540,12,14,11,9,1020.9
2019-07-10,2019,JULIO,10,1795,13,15,11,6.1,1017.6
2019-07-11,2019,JULIO,11,1832,13,16,10,13.5,1013.5
2019-07-12,2019,JULIO,12,1844,14,17,13,13.7,1012.2
2019-07-13,2019,JULIO,13,1757,9,14,7,5.4,1017.9
2019-07-14,2019,JULIO,14,1608,9,12,7,5.7,1019.7
2019-07-15,2019,JULIO,15,1847,13,17,10,7.8,1020.5
2019-07-16,2019,JULIO,16,1949,11,15,8,5.9,1023.8
2019-07-17,2019,JULIO,17,1951,13,16,11,16.8,1022.8
2019-07-18,2019,JULIO,18,1910,13,15,12,10.2,1019.5
2019-07-19,2019,JULIO,19,1951,14,17,12,8.5,1018.6
2019-07-20,2019,JULIO,20,1802,15,17,13,6.8,1012.5
2019-07-21,2019,JULIO,21,1554,19,26,15,12.3,1002
2019-07-22,2019,JULIO,22,1867,13,15,11,12.8,1014.8
2019-07-23,2019,JULIO,23,1979,11,13,10,12.7,1024.4
2019-07-24,2019,JULIO,24,1960,10,14,8,10.1,1028.8
2019-07-25,2019,JULIO,25,1984,11,13,9,23.7,1025.5
2019-07-26,2019,JULIO,26,1934,12,14,11,11.8,1017.5
2019-07-27,2019,JULIO,27,1763,13,15,9,5.8,1026.1
2019-07-28,2019,JULIO,28,1566,12,15,10,14.9,1025
2019-07-29,2019,JULIO,29,1796,13,14,12,9.4,1018.9
2019-07-30,2019,JULIO,30,1819,12,15,9,8.3,1017.7
2019-07-31,2019,JULIO,31,1803,14,20,11,15.2,1011.2
2019-08-01,2019,AGOSTO,1,1879,15,18,13,11.5,1010.5
2019-08-02,2019,AGOSTO,2,1902,12,15,8,15.2,1021.4
2019-08-03,2019,AGOSTO,3,1787,12,17,8,8.2,1027.2
2019-08-04,2019,AGOSTO,4,1601,12,16,8,12.7,1028.6
2019-08-05,2019,AGOSTO,5,1819,13,16,9,17.4,1024
2019-08-06,2019,AGOSTO,6,1823,15,20,11,15.2,1015.7
2019-08-07,2019,AGOSTO,7,1844,14,16,12,16.7,1019.3
2019-08-08,2019,AGOSTO,8,1920,12,14,11,21,1025.4
2019-08-09,2019,AGOSTO,9,1966,10,11,8,16.2,1021.6
2019-08-10,2019,AGOSTO,10,1802,10,16,6,11.4,1018.7
2019-08-11,2019,AGOSTO,11,1575,12,16,8,12.7,1016.8
2019-08-12,2019,AGOSTO,12,1908,12,14,10,11.5,1019
2019-08-13,2019,AGOSTO,13,1979,7,10,3,9.4,1032.9
2019-08-14,2019,AGOSTO,14,2000,8,11,4,12,1034
2019-08-15,2019,AGOSTO,15,1937,11,13,9,13.4,1024.4
2019-08-16,2019,AGOSTO,16,1847,14,17,12,9.1,1015.3
2019-08-17,2019,AGOSTO,17,1596,14,19,12,9.8,1008.6
2019-08-18,2019,AGOSTO,18,1582,10,14,8,12.9,1022.5
2019-08-19,2019,AGOSTO,19,1857,6,8,4,12.3,1030.1
2019-08-20,2019,AGOSTO,20,1954,8,10,6,13.5,1030.8
2019-08-21,2019,AGOSTO,21,1890,9,11,8,20,1029.8
2019-08-22,2019,AGOSTO,22,1877,11,12,10,12.2,1028.1
2019-08-23,2019,AGOSTO,23,1875,11,15,8,5.7,1026.2
2019-08-24,2019,AGOSTO,24,1738,14,16,12,10.8,1023.3
2019-08-25,2019,AGOSTO,25,1503,14,16,12,14.4,1020.3
2019-08-26,2019,AGOSTO,26,1660,16,18,14,7.3,1017.8
2019-08-27,2019,AGOSTO,27,1702,17,20,14,8.3,1021.4
2019-08-28,2019,AGOSTO,28,1708,18,22,16,11.2,1013.8
2019-08-29,2019,AGOSTO,29,1684,20,22,17,9.4,1007.9
2019-08-30,2019,AGOSTO,30,1728,15,17,13,11.5,1016
2019-08-31,2019,AGOSTO,31,1635,14,19,11,7,1018.5
2019-09-01,2019,SEPTIEMBRE,1,1514,12,15,9,9.1,1020
2019-09-02,2019,SEPTIEMBRE,2,1800,11,16,8,10.2,1017.8
2019-09-03,2019,SEPTIEMBRE,3,1870,8,13,4,10.5,1023.4
2019-09-04,2019,SEPTIEMBRE,4,1892,9,12,5,9.7,1028.1
2019-09-05,2019,SEPTIEMBRE,5,1904,9,10,8,20.8,1031.8
2019-09-06,2019,SEPTIEMBRE,6,1828,11,15,9,26.4,1023.1
2019-09-07,2019,SEPTIEMBRE,7,1586,15,19,13,11.9,1014.6
2019-09-08,2019,SEPTIEMBRE,8,1464,14,17,12,7.2,1013.6
2019-09-09,2019,SEPTIEMBRE,9,1773,13,14,13,14.5,1008.8
2019-09-10,2019,SEPTIEMBRE,10,1788,13,15,12,11.1,1017.7
2019-09-11,2019,SEPTIEMBRE,11,1819,13,15,11,17.1,1018.9
2019-09-12,2019,SEPTIEMBRE,12,1790,13,16,9,9.1,1020.2
2019-09-13,2019,SEPTIEMBRE,13,1776,13,15,11,12.3,1023
2019-09-14,2019,SEPTIEMBRE,14,1629,15,18,13,17.9,1017.3
2019-09-15,2019,SEPTIEMBRE,15,1465,15,19,14,9.2,1009.3
2019-09-16,2019,SEPTIEMBRE,16,1685,16,20,14,13.5,1016.9
2019-09-17,2019,SEPTIEMBRE,17,1731,16,23,10,11.7,1013.8
2019-09-18,2019,SEPTIEMBRE,18,1719,16,18,14,10,1009.1
2019-09-19,2019,SEPTIEMBRE,19,1727,16,19,14,13.7,1006.1
2019-09-20,2019,SEPTIEMBRE,20,1745,15,20,8,10.7,1018
2019-09-21,2019,SEPTIEMBRE,21,1638,17,24,11,14.7,1019.3
2019-09-22,2019,SEPTIEMBRE,22,1460,14,19,10,17.1,1027.9
2019-09-23,2019,SEPTIEMBRE,23,1658,14,18,11,19.1,1026
2019-09-24,2019,SEPTIEMBRE,24,1673,17,20,12,9.1,1022.1
2019-09-25,2019,SEPTIEMBRE,25,1661,22,30,16,7.4,1019.4
2019-09-26,2019,SEPTIEMBRE,26,1623,19,24,15,15.1,1020.7
2019-09-27,2019,SEPTIEMBRE,27,1645,16,17,14,28.1,1022.8
2019-09-28,2019,SEPTIEMBRE,28,1532,17,20,14,18.6,1018.1
2019-09-29,2019,SEPTIEMBRE,29,1362,19,23,16,11,1011.5
2019-09-30,2019,SEPTIEMBRE,30,1567,21,26,19,14.6,1001.7
2019-10-01,2019,OCTUBRE,1,1601,15,20,12,19.1,1005.5
2019-10-02,2019,OCTUBRE,2,1658,14,17,12,21.9,1016.8
2019-10-03,2019,OCTUBRE,3,1773,12,16,8,29.9,1025.7
2019-10-04,2019,OCTUBRE,4,1796,14,14,13,26.9,1019.5
2019-10-05,2019,OCTUBRE,5,1656,14,19,11,8.6,1019.1
2019-10-06,2019,OCTUBRE,6,1445,16,19,12,11.9,1021.3
2019-10-07,2019,OCTUBRE,7,1648,19,25,13,17.8,1014.1
2019-10-08,2019,OCTUBRE,8,1672,21,26,16,7.3,1016.4
2019-10-09,2019,OCTUBRE,9,1655,20,23,16,10.8,1014.9
2019-10-10,2019,OCTUBRE,10,1703,21,26,18,9.8,1010.3
2019-10-11,2019,OCTUBRE,11,1722,20,23,19,13.2,1007.4
2019-10-12,2019,OCTUBRE,12,1434,19,20,17,29.6,1007.4
2019-10-13,2019,OCTUBRE,13,1400,18,20,15,15.2,1014.1
2019-10-14,2019,OCTUBRE,14,1683,11,13,9,27.7,1028.4
2019-10-15,2019,OCTUBRE,15,1831,12,14,10,21.6,1029.2
2019-10-16,2019,OCTUBRE,16,1849,14,16,12,28.1,1023.7
2019-10-17,2019,OCTUBRE,17,1824,17,18,16,20.6,1014.3
2019-10-18,2019,OCTUBRE,18,1748,19,24,14,11.6,1017.1
2019-10-19,2019,OCTUBRE,19,1597,18,20,14,8.3,1022.6
2019-10-20,2019,OCTUBRE,20,1397,15,17,14,18.4,1020.4
2019-10-21,2019,OCTUBRE,21,1637,15,18,14,7.3,1017
2019-10-22,2019,OCTUBRE,22,1694,18,22,13,13.6,1015.4
2019-10-23,2019,OCTUBRE,23,1730,17,22,13,11.7,1014.8
2019-10-24,2019,OCTUBRE,24,1700,19,26,13,7.8,1014.3
2019-10-25,2019,OCTUBRE,25,1720,23,29,17,10,1014.9
2019-10-26,2019,OCTUBRE,26,1627,23,27,20,13.3,1009.9
2019-10-27,2019,OCTUBRE,27,1471,22,26,20,16.4,1007.4
2019-10-28,2019,OCTUBRE,28,1689,20,23,17,14.2,1004.8
2019-10-29,2019,OCTUBRE,29,1699,16,19,14,17.8,1008.2
2019-10-30,2019,OCTUBRE,30,1623,18,22,16,22.6,1012.3
2019-10-31,2019,OCTUBRE,31,1653,19,22,15,20.8,1019.6
2019-11-01,2019,NOVIEMBRE,1,1613,19,22,17,21.5,1014.5
2019-11-02,2019,NOVIEMBRE,2,1536,23,27,21,9,1010.4
2019-11-03,2019,NOVIEMBRE,3,1407,19,23,14,12.1,1011.8
2019-11-04,2019,NOVIEMBRE,4,1630,21,22,19,10.2,1005
2019-11-05,2019,NOVIEMBRE,5,1688,20,23,15,8.7,1012.7
2019-11-06,2019,NOVIEMBRE,6,1673,22,26,19,10.6,1015.4
2019-11-07,2019,NOVIEMBRE,7,1686,24,30,19,17.5,1011.9
2019-11-08,2019,NOVIEMBRE,8,1673,19,22,16,26.2,1014.5
2019-11-09,2019,NOVIEMBRE,9,1582,20,23,18,24.4,1015.7
2019-11-10,2019,NOVIEMBRE,10,1473,20,22,18,23.7,1020
2019-11-11,2019,NOVIEMBRE,11,1658,20,23,18,24.3,1020.2
2019-11-12,2019,NOVIEMBRE,12,1680,22,25,19,21.2,1014.3
2019-11-13,2019,NOVIEMBRE,13,1716,24,27,22,8.6,1008.2
2019-11-14,2019,NOVIEMBRE,14,1731,25,30,21,8.7,1009.6
2019-11-15,2019,NOVIEMBRE,15,1770,23,26,21,12.4,1012.9
2019-11-16,2019,NOVIEMBRE,16,1631,22,25,20,16.4,1010.5
2019-11-17,2019,NOVIEMBRE,17,1515,24,29,19,9.1,1009.9
2019-11-18,2019,NOVIEMBRE,18,1510,25,30,22,10.1,1012.7
2019-11-19,2019,NOVIEMBRE,19,1739,25,27,21,13.1,1014.9
2019-11-20,2019,NOVIEMBRE,20,1872,27,32,25,13.7,1012.3
2019-11-21,2019,NOVIEMBRE,21,1833,25,28,22,22.2,1011.4
2019-11-22,2019,NOVIEMBRE,22,1750,22,25,19,20,1013.8
2019-11-23,2019,NOVIEMBRE,23,1537,18,22,14,24.2,1021.6
2019-11-24,2019,NOVIEMBRE,24,1394,21,25,17,28.5,1017
2019-11-25,2019,NOVIEMBRE,25,1578,19,24,17,21,1010.1
2019-11-26,2019,NOVIEMBRE,26,1641,21,25,18,8.8,1008.6
2019-11-27,2019,NOVIEMBRE,27,1629,23,28,17,9.5,1012.6
2019-11-28,2019,NOVIEMBRE,28,1697,24,28,17,8.6,1012.4
2019-11-29,2019,NOVIEMBRE,29,1704,23,29,18,17.3,1006.2
2019-11-30,2019,NOVIEMBRE,30,1563,24,28,19,8.8,1008.6
2019-12-01,2019,DICIEMBRE,1,1377,21,25,15,13.4,1018.2
2019-12-02,2019,DICIEMBRE,2,1605,21,25,17,10.4,1018.2
2019-12-03,2019,DICIEMBRE,3,1637,21,24,18,16.9,1010.9
2019-12-04,2019,DICIEMBRE,4,1624,21,24,18,7.7,1010.2
2019-12-05,2019,DICIEMBRE,5,1610,18,25,13,9.8,1012.9
2019-12-06,2019,DICIEMBRE,6,1649,23,27,19,13.3,1009.5
2019-12-07,2019,DICIEMBRE,7,1540,21,24,16,11.2,1014.7
2019-12-08,2019,DICIEMBRE,8,1392,24,29,19,15.6,1010.6
2019-12-09,2019,DICIEMBRE,9,1715,26,31,22,14.8,1010.2
2019-12-10,2019,DICIEMBRE,10,1922,30,36,24,16.4,1007.9
2019-12-11,2019,DICIEMBRE,11,1893,29,34,26,10.6,1005
2019-12-12,2019,DICIEMBRE,12,1673,23,26,21,16.7,1006.8
2019-12-13,2019,DICIEMBRE,13,1657,19,24,14,14.3,1015.5
2019-12-14,2019,DICIEMBRE,14,1605,24,28,21,13.7,1012.5
2019-12-15,2019,DICIEMBRE,15,1447,21,24,19,10.2,1007.9
2019-12-16,2019,DICIEMBRE,16,1653,22,26,17,9,1009.1
2019-12-17,2019,DICIEMBRE,17,1728,23,26,20,14.8,1012.4
2019-12-18,2019,DICIEMBRE,18,1869,26,30,22,19.9,1012.6
2019-12-19,2019,DICIEMBRE,19,1916,26,31,23,16.1,1010.8
2019-12-20,2019,DICIEMBRE,20,1683,23,26,19,15.2,1008.5
2019-12-21,2019,DICIEMBRE,21,1486,19,24,14,14.1,1010
2019-12-22,2019,DICIEMBRE,22,1367,19,26,12,13.2,1015.1
2019-12-23,2019,DICIEMBRE,23,1618,23,28,17,12.6,1012.9
2019-12-24,2019,DICIEMBRE,24,1584,25,31,20,19.4,1006
2019-12-25,2019,DICIEMBRE,25,1179,21,27,16,16.4,1012.7
2019-12-26,2019,DICIEMBRE,26,1497,21,25,16,23.9,1014.2
2019-12-27,2019,DICIEMBRE,27,1774,24,30,21,13.5,1012.4
2019-12-28,2019,DICIEMBRE,28,1710,26,30,24,12.7,1010.7
2019-12-29,2019,DICIEMBRE,29,1591,27,31,24,10.7,1011.7
2019-12-30,2019,DICIEMBRE,30,1675,24,26,22,16.4,1009.6
2019-12-31,2019,DICIEMBRE,31,1541,24,28,22,12.1,1006.3
2020-01-01,2020,ENERO,1,1256,23,25,20,19.7,1012.3
2020-01-02,2020,ENERO,2,1576,22,25,19,20.3,1017.3
2020-01-03,2020,ENERO,3,1730,23,26,21,24.1,1019.7
2020-01-04,2020,ENERO,4,1700,24,27,22,16.8,1014.6
2020-01-05,2020,ENERO,5,1521,25,28,22,11.9,1005.6
2020-01-06,2020,ENERO,6,1587,23,28,19,17.3,1002.8
2020-01-07,2020,ENERO,7,1657,24,30,19,13,1007.8
2020-01-08,2020,ENERO,8,1820,25,30,21,16.2,1006.8
2020-01-09,2020,ENERO,9,1801,26,28,23,15.8,1006.2
2020-01-10,2020,ENERO,10,1825,25,28,22,17.1,1009.6
2020-01-11,2020,ENERO,11,1725,25,29,19,9.6,1011.3
2020-01-12,2020,ENERO,12,1566,26,28,22,19.5,1014.4
2020-01-13,2020,ENERO,13,1719,24,27,21,29.6,1015.4
2020-01-14,2020,ENERO,14,1823,24,28,21,13.8,1009.2
2020-01-15,2020,ENERO,15,1756,25,28,21,8.5,1002.7
2020-01-16,2020,ENERO,16,1657,21,26,16,15.2,1017.1
2020-01-17,2020,ENERO,17,1694,22,25,18,13.3,1020.8
2020-01-18,2020,ENERO,18,1688,24,28,22,14.7,1016.8
2020-01-19,2020,ENERO,19,1713,27,31,24,11.9,1012.5
2020-01-20,2020,ENERO,20,2063,28,31,25,12.1,1009.2
2020-01-21,2020,ENERO,21,1906,25,28,21,11.2,1009.6
2020-01-22,2020,ENERO,22,1955,26,28,24,20.6,1012.6
2020-01-23,2020,ENERO,23,2012,26,28,24,16.4,1014.5
2020-01-24,2020,ENERO,24,2019,27,31,24,18.8,1011
2020-01-25,2020,ENERO,25,1909,29,35,25,12.5,1005.9
2020-01-26,2020,ENERO,26,1657,28,33,24,11.6,1006.2
2020-01-27,2020,ENERO,27,1648,22,30,16,19.8,1014.3
2020-01-28,2020,ENERO,28,1720,22,28,18,16.7,1012.2
2020-01-29,2020,ENERO,29,1676,25,27,20,12.9,1008.2
2020-01-30,2020,ENERO,30,1628,20,25,15,16.4,1014.5
2020-01-31,2020,ENERO,31,1713,22,26,18,11.8,1014.1
2020-02-01,2020,FEBRERO,1,1723,25,28,20,11.8,1012.7
2020-02-02,2020,FEBRERO,2,1662,27,31,25,8.8,1012.3
2020-02-03,2020,FEBRERO,3,2048,28,32,26,15.6,1013.6
2020-02-04,2020,FEBRERO,4,2016,28,32,24,19.7,1010.8
2020-02-05,2020,FEBRERO,5,1886,28,30,26,19.6,1008.7
2020-02-06,2020,FEBRERO,6,1950,28,33,23,17.2,1009.5
2020-02-07,2020,FEBRERO,7,1874,27,30,23,16.4,1012.6
2020-02-08,2020,FEBRERO,8,1657,24,26,21,17.1,1014.7
2020-02-09,2020,FEBRERO,9,1419,20,25,17,16.9,1019.1
2020-02-10,2020,FEBRERO,10,1616,20,23,16,14.1,1021.7
2020-02-11,2020,FEBRERO,11,1725,22,25,21,19.5,1020.7
2020-02-12,2020,FEBRERO,12,1832,23,26,21,23.1,1017
2020-02-13,2020,FEBRERO,13,1854,25,28,22,19.8,1011.5
2020-02-14,2020,FEBRERO,14,1835,26,30,21,9.2,1008.3
2020-02-15,2020,FEBRERO,15,1785,26,30,22,7.3,1008.5
2020-02-16,2020,FEBRERO,16,1742,28,31,25,9.9,1006.1
2020-02-17,2020,FEBRERO,17,1816,25,29,21,19.3,1004
2020-02-18,2020,FEBRERO,18,1682,22,26,19,13.1,1006.9
2020-02-19,2020,FEBRERO,19,1707,24,29,20,9.4,1010.2
2020-02-20,2020,FEBRERO,20,1649,21,25,16,14.8,1015.9
2020-02-21,2020,FEBRERO,21,1654,18,22,14,12.2,1022.1
2020-02-22,2020,FEBRERO,22,1543,17,20,13,13.4,1024.1
2020-02-23,2020,FEBRERO,23,1451,21,25,18,11.9,1018.3
2020-02-24,2020,FEBRERO,24,1450,24,28,20,17.6,1008.9
2020-02-25,2020,FEBRERO,25,1412,23,25,19,9.9,1008.7
2020-02-26,2020,FEBRERO,26,1581,21,23,18,13.1,1013.5
2020-02-27,2020,FEBRERO,27,1705,23,27,19,12.5,1014
2020-02-28,2020,FEBRERO,28,1754,25,28,21,11.1,1014.3
2020-02-29,2020,FEBRERO,29,1724,24,29,22,14.6,1018.3
2020-03-01,2020,MARZO,1,1659,27,30,24,9.1,1018.5
2020-03-02,2020,MARZO,2,1981,27,31,24,13.9,1018.6
2020-03-03,2020,MARZO,3,2015,26,29,23,15.5,1016.5
2020-03-04,2020,MARZO,4,2015,26,29,23,14.9,1016
2020-03-05,2020,MARZO,5,1973,25,27,22,17.5,1017.7
2020-03-06,2020,MARZO,6,1944,25,27,23,14.7,1016
2020-03-07,2020,MARZO,7,1825,25,30,22,14.4,1010.7
2020-03-08,2020,MARZO,8,1650,26,31,23,11.1,1009.2
2020-03-09,2020,MARZO,9,1732,24,28,21,19,1014.8
2020-03-10,2020,MARZO,10,1711,22,25,20,28.2,1018.1
2020-03-11,2020,MARZO,11,1689,21,23,20,22,1013.3
2020-03-12,2020,MARZO,12,1765,22,26,20,8.1,1011.1
2020-03-13,2020,MARZO,13,1917,25,27,23,15.7,1012.5
2020-03-14,2020,MARZO,14,1656,23,27,20,14.6,1013.1
2020-03-15,2020,MARZO,15,1440,20,22,17,10.8,1017.9
2020-03-16,2020,MARZO,16,1644,20,21,19,16,1017.3
2020-03-17,2020,MARZO,17,1702,21,27,17,15.8,1013.7
2020-03-18,2020,MARZO,18,1703,20,23,19,14.1,1011.3
2020-03-19,2020,MARZO,19,1619,21,25,17,9.9,1010.9
2020-03-20,2020,MARZO,20,1382,22,27,18,7.9,1012
2020-03-21,2020,MARZO,21,1316,23,27,18,7.9,1011.7
2020-03-22,2020,MARZO,22,1229,23,27,19,7.8,1015.4
2020-03-23,2020,MARZO,23,1275,25,28,22,15.5,1017
2020-03-24,2020,MARZO,24,1338,25,28,22,13.2,1014
2020-03-25,2020,MARZO,25,1354,24,26,22,12.3,1013.8
2020-03-26,2020,MARZO,26,1369,23,25,21,18.9,1016.2
2020-03-27,2020,MARZO,27,1419,24,26,22,15.1,1013.4
2020-03-28,2020,MARZO,28,1371,24,25,23,10.1,1011.8
2020-03-29,2020,MARZO,29,1292,25,30,21,10,1014
2020-03-30,2020,MARZO,30,1363,24,26,23,15.1,1016.5
2020-03-31,2020,MARZO,31,1302,22,24,20,28.7,1017.4
2020-04-01,2020,ABRIL,1,1383,22,24,20,15.3,1013.5
2020-04-02,2020,ABRIL,2,1369,19,22,14,14.4,1016.6
2020-04-03,2020,ABRIL,3,1342,17,20,13,10,1018.3
2020-04-04,2020,ABRIL,4,1283,20,24,17,15,1012
2020-04-05,2020,ABRIL,5,1189,20,23,17,8,1010.1
2020-04-06,2020,ABRIL,6,1337,19,22,15,11.3,1015.7
2020-04-07,2020,ABRIL,7,1409,15,18,11,9,1024.5
2020-04-08,2020,ABRIL,8,1427,14,17,11,9.6,1025.5
2020-04-09,2020,ABRIL,9,1427,16,20,12,11.6,1024.1
2020-04-10,2020,ABRIL,10,1314,17,20,14,12.8,1022.2
2020-04-11,2020,ABRIL,11,1281,19,22,17,15.6,1019
2020-04-12,2020,ABRIL,12,1213,19,22,17,12,1017
2020-04-13,2020,ABRIL,13,1392,19,20,14,11.7,1012.3
2020-04-14,2020,ABRIL,14,1455,15,20,11,12.7,1012.8
2020-04-15,2020,ABRIL,15,1465,15,20,11,10.2,1016.3
2020-04-16,2020,ABRIL,16,1464,15,18,11,5.5,1022.7
2020-04-17,2020,ABRIL,17,1479,17,20,14,7.7,1025.4
2020-04-18,2020,ABRIL,18,1388,19,23,17,11.4,1022.8
2020-04-19,2020,ABRIL,19,1249,20,24,18,12.7,1018.5
2020-04-20,2020,ABRIL,20,1430,20,25,17,4.8,1015.8
2020-04-21,2020,ABRIL,21,1514,18,21,17,17.6,1018.1
2020-04-22,2020,ABRIL,22,1535,17,20,16,18.3,1018.8
2020-04-23,2020,ABRIL,23,1523,19,21,18,17.1,1014.8
2020-04-24,2020,ABRIL,24,1468,21,22,19,15,1008.6
2020-04-25,2020,ABRIL,25,1370,19,22,17,19.4,1014
2020-04-26,2020,ABRIL,26,1258,18,20,17,29.3,1024.2
2020-04-27,2020,ABRIL,27,1449,19,22,17,19.2,1020.1
2020-04-28,2020,ABRIL,28,1438,19,21,17,21.6,1010.2
2020-04-29,2020,ABRIL,29,1486,17,22,13,12.8,1015.8
2020-04-30,2020,ABRIL,30,1478,17,20,14,5.5,1019
2020-05-01,2020,MAYO,1,1272,17,22,14,7.6,1020.7
2020-05-02,2020,MAYO,2,1352,15,18,12,10.5,1023.3
2020-05-03,2020,MAYO,3,1306,17,20,15,15.8,1018.9
2020-05-04,2020,MAYO,4,1485,17,19,15,8.2,1015.4
2020-05-05,2020,MAYO,5,1611,15,17,13,16.3,1011.5
2020-05-06,2020,MAYO,6,1643,12,16,10,8.8,1023.3
2020-05-07,2020,MAYO,7,1645,14,18,11,6.8,1024.5
2020-05-08,2020,MAYO,8,1633,14,18,11,12.3,1020.8
2020-05-09,2020,MAYO,9,1519,16,20,12,17.4,1014
2020-05-10,2020,MAYO,10,1342,18,23,15,11.6,1007.8
2020-05-11,2020,MAYO,11,1523,19,22,14,7.9,1012.8
2020-05-12,2020,MAYO,12,1593,14,16,11,5.5,1017.3
2020-05-13,2020,MAYO,13,1643,15,20,11,6,1018.2
2020-05-14,2020,MAYO,14,1658,12,14,8,8.4,1023.1
2020-05-15,2020,MAYO,15,1606,15,21,10,17.9,1016.3
2020-05-16,2020,MAYO,16,1427,20,27,15,14.2,1011.1
2020-05-17,2020,MAYO,17,1280,20,25,15,11.7,1013.3
2020-05-18,2020,MAYO,18,1529,17,20,15,14.1,1018.3
2020-05-19,2020,MAYO,19,1565,18,22,15,8.7,1014.4
2020-05-20,2020,MAYO,20,1569,18,22,16,5.6,1011.2
2020-05-21,2020,MAYO,21,1636,16,19,13,14,1012.5
2020-05-22,2020,MAYO,22,1642,13,16,11,18.7,1020.4
2020-05-23,2020,MAYO,23,1523,13,17,9,12.4,1023
2020-05-24,2020,MAYO,24,1389,13,17,10,14.1,1015.3
2020-05-25,2020,MAYO,25,1424,15,17,12,17.7,1011.1
2020-05-26,2020,MAYO,26,1616,14,16,11,7.7,1017.8
2020-05-27,2020,MAYO,27,1645,14,18,11,8.9,1015.9
2020-05-28,2020,MAYO,28,1629,15,17,12,9.9,1015.5
2020-05-29,2020,MAYO,29,1627,14,18,12,5.4,1014.7
2020-05-30,2020,MAYO,30,1522,14,15,11,8.6,1013.4
2020-05-31,2020,MAYO,31,1425,10,14,8,16.2,1017.7
2020-06-01,2020,JUNIO,1,1671,11,14,7,7.5,1022.3
2020-06-02,2020,JUNIO,2,1746,10,14,7,7,1021.3
2020-06-03,2020,JUNIO,3,1738,11,14,8,7.3,1022.7
2020-06-04,2020,JUNIO,4,1735,12,13,10,10.7,1025.8
2020-06-05,2020,JUNIO,5,1739,13,16,10,17.1,1020
2020-06-06,2020,JUNIO,6,1563,16,17,15,24.1,1014.2
2020-06-07,2020,JUNIO,7,1389,15,16,14,5.7,1015.4
2020-06-08,2020,JUNIO,8,1638,15,17,14,5,1015.9
2020-06-09,2020,JUNIO,9,1743,14,17,11,5,1014.6
2020-06-10,2020,JUNIO,10,1741,13,17,11,5.7,1012.2
2020-06-11,2020,JUNIO,11,1740,13,15,10,6.6,1011
2020-06-12,2020,JUNIO,12,1721,15,19,12,7.9,1006.2
2020-06-13,2020,JUNIO,13,1692,11,15,8,15.7,1020
2020-06-14,2020,JUNIO,14,1538,8,12,3,7.5,1027.9
2020-06-15,2020,JUNIO,15,1557,12,14,10,16.3,1023
2020-06-16,2020,JUNIO,16,1721,16,20,14,10.5,1015.6
2020-06-17,2020,JUNIO,17,1700,19,22,17,10.6,1007.8
2020-06-18,2020,JUNIO,18,1668,16,20,13,12.6,1004.5
2020-06-19,2020,JUNIO,19,1715,13,16,11,10.3,1010.7
2020-06-20,2020,JUNIO,20,1533,12,14,9,10.7,1013
2020-06-21,2020,JUNIO,21,1380,14,18,12,16.8,1011.3
2020-06-22,2020,JUNIO,22,1696,12,14,9,15.5,1016.4
2020-06-23,2020,JUNIO,23,1720,14,15,13,7.9,1005.7
2020-06-24,2020,JUNIO,24,1753,13,15,11,16.1,1006
2020-06-25,2020,JUNIO,25,1778,11,13,8,12,1015.1
2020-06-26,2020,JUNIO,26,1820,10,14,6,6.2,1021.5
2020-06-27,2020,JUNIO,27,1687,11,15,8,4.7,1023.2
2020-06-28,2020,JUNIO,28,1523,10,12,6,9.8,1023.3
2020-06-29,2020,JUNIO,29,1766,12,13,10,21.7,1018.6
2020-06-30,2020,JUNIO,30,1869,11,13,10,17.9,1008.1
2020-07-01,2020,JULIO,1,1874,8,10,6,12,1016.9
2020-07-02,2020,JULIO,2,1849,8,11,6,7.3,1020.5
2020-07-03,2020,JULIO,3,1833,10,14,7,15.4,1015.9
2020-07-04,2020,JULIO,4,1691,11,14,9,15.1,1011.2
2020-07-05,2020,JULIO,5,1512,11,14,10,10.6,1014.9
2020-07-06,2020,JULIO,6,1828,9,12,6,6.8,1023.5
2020-07-07,2020,JULIO,7,1942,9,10,8,18.2,1024
2020-07-08,2020,JULIO,8,1865,9,13,7,8.7,1020.7
2020-07-09,2020,JULIO,9,1733,10,15,7,10.4,1019.2
2020-07-10,2020,JULIO,10,1730,11,13,10,19.5,1011
2020-07-11,2020,JULIO,11,1697,10,14,5,8.7,1013.8
2020-07-12,2020,JULIO,12,1577,11,15,8,10.1,1012.5
2020-07-13,2020,JULIO,13,1892,10,12,9,12.8,1018.9
2020-07-14,2020,JULIO,14,1955,8,13,3,7,1024.1
2020-07-15,2020,JULIO,15,1927,8,12,5,6.4,1023.8
2020-07-16,2020,JULIO,16,1888,11,13,10,8.4,1021.1
2020-07-17,2020,JULIO,17,1866,11,14,9,10.6,1017.7
2020-07-18,2020,JULIO,18,1689,14,16,12,7.4,1009.4
2020-07-19,2020,JULIO,19,1496,15,21,12,11.4,1008.6
2020-07-20,2020,JULIO,20,1735,17,22,14,5.1,1009.2
2020-07-21,2020,JULIO,21,1830,14,16,13,11.1,1010.4
2020-07-22,2020,JULIO,22,1848,14,15,13,6.9,1010.8
2020-07-23,2020,JULIO,23,1852,13,15,11,7.6,1011.3
2020-07-24,2020,JULIO,24,1893,9,11,6,14.1,1014.3
2020-07-25,2020,JULIO,25,1810,9,14,4,10.1,1018.6
2020-07-26,2020,JULIO,26,1562,11,16,7,13.4,1017.6
2020-07-27,2020,JULIO,27,1821,11,14,9,10.4,1015.3
2020-07-28,2020,JULIO,28,1934,8,12,4,10.1,1023.8
2020-07-29,2020,JULIO,29,1943,8,12,4,6.2,1027.6
2020-07-30,2020,JULIO,30,1943,11,14,9,13,1026.5
2020-07-31,2020,JULIO,31,1831,11,12,9,11.5,1023.2
2020-08-01,2020,AGOSTO,1,1654,12,16,9,13.1,1021.2
2020-08-02,2020,AGOSTO,2,1414,17,20,15,8.7,1018.3
2020-08-03,2020,AGOSTO,3,1664,15,20,12,17.9,1022.5
2020-08-04,2020,AGOSTO,4,1662,17,21,14,6.6,1020
2020-08-05,2020,AGOSTO,5,1644,18,20,16,7.4,1014.9
2020-08-06,2020,AGOSTO,6,1712,17,22,11,16.4,1022.4
2020-08-07,2020,AGOSTO,7,1844,11,12,10,25.8,1025.5
2020-08-08,2020,AGOSTO,8,1714,14,17,12,15,1021.3
2020-08-09,2020,AGOSTO,9,1507,14,17,13,10.1,1015.3
2020-08-10,2020,AGOSTO,10,1746,15,17,13,11.6,1008.7
2020-08-11,2020,AGOSTO,11,1902,11,14,6,11.2,1019.2
2020-08-12,2020,AGOSTO,12,1890,10,15,5,8.5,1017.5
2020-08-13,2020,AGOSTO,13,1840,12,18,8,10,1013.3
2020-08-14,2020,AGOSTO,14,1817,12,17,8,6,1010.2
2020-08-15,2020,AGOSTO,15,1704,13,17,8,12.5,1010.9
2020-08-16,2020,AGOSTO,16,1527,12,19,6,15.6,1013.2
2020-08-17,2020,AGOSTO,17,1572,13,16,3,7,1013.8
2020-08-18,2020,AGOSTO,18,1780,15,21,10,10.3,1009.1
2020-08-19,2020,AGOSTO,19,1904,10,14,7,11.9,1021
2020-08-20,2020,AGOSTO,20,1889,8,13,4,8.6,1031.5
2020-08-21,2020,AGOSTO,21,1810,11,16,7,11.3,1029.1
2020-08-22,2020,AGOSTO,22,1645,12,16,8,11.4,1026.1
2020-08-23,2020,AGOSTO,23,1456,14,17,11,14.2,1020.3
2020-08-24,2020,AGOSTO,24,1626,16,20,13,13.1,1014.2
2020-08-25,2020,AGOSTO,25,1693,17,18,16,16.3,1009.6
2020-08-26,2020,AGOSTO,26,1692,17,20,15,12.6,1007
2020-08-27,2020,AGOSTO,27,1700,14,18,12,14.1,1016
2020-08-28,2020,AGOSTO,28,1713,14,16,12,15.9,1015.2
2020-08-29,2020,AGOSTO,29,1604,15,16,13,7.8,1013.3
2020-08-30,2020,AGOSTO,30,1479,9,12,5,10.4,1024.6
2020-08-31,2020,AGOSTO,31,1760,10,13,7,12.4,1029.1
2020-09-01,2020,SEPTIEMBRE,1,1879,9,11,8,25.9,1033
2020-09-02,2020,SEPTIEMBRE,2,1951,11,12,10,34.9,1021.1
2020-09-03,2020,SEPTIEMBRE,3,1887,10,13,8,9.9,1014.5
2020-09-04,2020,SEPTIEMBRE,4,1810,12,16,9,10.9,1018.2
2020-09-05,2020,SEPTIEMBRE,5,1676,12,14,11,16.1,1022
2020-09-06,2020,SEPTIEMBRE,6,1502,11,13,9,22,1025.7
2020-09-07,2020,SEPTIEMBRE,7,1650,12,15,9,17.9,1025.3
2020-09-08,2020,SEPTIEMBRE,8,1683,14,18,12,17.1,1020.4
2020-09-09,2020,SEPTIEMBRE,9,1699,16,18,14,10.1,1016.7
2020-09-10,2020,SEPTIEMBRE,10,1687,15,17,13,9.3,1016.9
2020-09-11,2020,SEPTIEMBRE,11,1722,17,20,14,10.7,1012.5
2020-09-12,2020,SEPTIEMBRE,12,1623,13,14,10,11.8,1017.3
2020-09-13,2020,SEPTIEMBRE,13,1445,15,18,11,10.6,1015.2
2020-09-14,2020,SEPTIEMBRE,14,1673,13,16,9,10.7,1026.5
2020-09-15,2020,SEPTIEMBRE,15,1767,13,15,11,15.4,1022.5
2020-09-16,2020,SEPTIEMBRE,16,1718,14,16,10,9.8,1017
2020-09-17,2020,SEPTIEMBRE,17,1674,17,26,11,11.6,1012.7
2020-09-18,2020,SEPTIEMBRE,18,1642,18,21,15,12.9,1010.1
2020-09-19,2020,SEPTIEMBRE,19,1609,14,16,11,9.4,1020.6
2020-09-20,2020,SEPTIEMBRE,20,1453,14,20,9,11.4,1022.9
2020-09-21,2020,SEPTIEMBRE,21,1681,12,17,7,10.7,1024.9
2020-09-22,2020,SEPTIEMBRE,22,1767,13,17,11,15.7,1022.6
2020-09-23,2020,SEPTIEMBRE,23,1720,16,20,13,10.5,1020.6
2020-09-24,2020,SEPTIEMBRE,24,1698,16,19,13,18.4,1019.7
2020-09-25,2020,SEPTIEMBRE,25,1751,16,18,15,23,1015.9
2020-09-26,2020,SEPTIEMBRE,26,1613,16,19,15,18.5,1009.1
2020-09-27,2020,SEPTIEMBRE,27,1467,16,17,13,13.2,1005.4
2020-09-28,2020,SEPTIEMBRE,28,1641,16,23,10,10.8,1011.7
2020-09-29,2020,SEPTIEMBRE,29,1647,17,22,14,11.1,1011.3
2020-09-30,2020,SEPTIEMBRE,30,1650,19,23,17,10,1006.8
2020-10-01,2020,OCTUBRE,1,1640,18,21,15,10.7,1008.1
2020-10-02,2020,OCTUBRE,2,1671,13,17,10,28.4,1019.4
2020-10-03,2020,OCTUBRE,3,1634,9,12,7,26.5,1030.1
2020-10-04,2020,OCTUBRE,4,1535,12,15,9,28.8,1023.8
2020-10-05,2020,OCTUBRE,5,1700,14,18,11,13.3,1016.3
2020-10-06,2020,OCTUBRE,6,1699,15,18,11,10.1,1015.9
2020-10-07,2020,OCTUBRE,7,1649,18,25,13,10.1,1014.4
2020-10-08,2020,OCTUBRE,8,1651,17,21,13,12.4,1016.5
2020-10-09,2020,OCTUBRE,9,1636,19,24,14,11,1014.1
2020-10-10,2020,OCTUBRE,10,1537,16,19,12,13.2,1015.9
2020-10-11,2020,OCTUBRE,11,1419,17,19,14,18.5,1012.9
2020-10-12,2020,OCTUBRE,12,1408,16,22,12,10.7,1016.3
2020-10-13,2020,OCTUBRE,13,1575,18,21,15,9.8,1016.3
2020-10-14,2020,OCTUBRE,14,1648,20,24,17,9.4,1015
2020-10-15,2020,OCTUBRE,15,1626,16,22,13,18.9,1022
2020-10-16,2020,OCTUBRE,16,1683,19,21,17,19.9,1020.5
2020-10-17,2020,OCTUBRE,17,1579,20,22,19,12.8,1014.7
2020-10-18,2020,OCTUBRE,18,1481,23,27,20,10.6,1008.7
2020-10-19,2020,OCTUBRE,19,1611,23,26,19,15.2,1009
2020-10-20,2020,OCTUBRE,20,1622,14,18,12,34.1,1022
2020-10-21,2020,OCTUBRE,21,1686,15,17,13,35.2,1025.5
2020-10-22,2020,OCTUBRE,22,1632,16,17,14,27.2,1020.9
2020-10-23,2020,OCTUBRE,23,1567,18,21,16,12.9,1015.4
2020-10-24,2020,OCTUBRE,24,1487,18,21,17,17.2,1013.5
2020-10-25,2020,OCTUBRE,25,1354,20,21,17,12.9,1008.1
2020-10-26,2020,OCTUBRE,26,1491,19,22,16,14.1,1011.6
2020-10-27,2020,OCTUBRE,27,1547,17,20,14,13.9,1010.4
2020-10-28,2020,OCTUBRE,28,1574,17,22,14,11.9,1009.8
2020-10-29,2020,OCTUBRE,29,1582,15,18,12,11.3,1019.5
2020-10-30,2020,OCTUBRE,30,1566,14,17,10,12.9,1026.5
2020-10-31,2020,OCTUBRE,31,1477,16,20,14,14.1,1026
2020-11-01,2020,NOVIEMBRE,1,1359,18,21,16,15.7,1022.9
2020-11-02,2020,NOVIEMBRE,2,1576,19,21,17,16.1,1019.4
2020-11-03,2020,NOVIEMBRE,3,1643,19,21,17,21.5,1019.6
2020-11-04,2020,NOVIEMBRE,4,1665,19,22,16,24.6,1022
2020-11-05,2020,NOVIEMBRE,5,1644,19,23,16,21.5,1019.6
2020-11-06,2020,NOVIEMBRE,6,1674,20,24,17,19.5,1018.5
2020-11-07,2020,NOVIEMBRE,7,1589,21,23,19,16.1,1019.7
2020-11-08,2020,NOVIEMBRE,8,1455,21,24,19,20.2,1019.8
2020-11-09,2020,NOVIEMBRE,9,1655,20,21,18,20.9,1018.8
2020-11-10,2020,NOVIEMBRE,10,1678,20,23,18,21.4,1017
2020-11-11,2020,NOVIEMBRE,11,1688,20,23,18,20.3,1017.2
2020-11-12,2020,NOVIEMBRE,12,1678,20,22,18,19.1,1016.1
2020-11-13,2020,NOVIEMBRE,13,1715,21,23,19,18.6,1013.5
2020-11-14,2020,NOVIEMBRE,14,1612,22,24,20,11.8,1010
2020-11-15,2020,NOVIEMBRE,15,1446,20,25,16,12.8,1012.7
2020-11-16,2020,NOVIEMBRE,16,1662,21,24,16,9.1,1014.3
2020-11-17,2020,NOVIEMBRE,17,1716,22,25,18,15.4,1013.2
2020-11-18,2020,NOVIEMBRE,18,1718,22,25,19,15.3,1012.1
2020-11-19,2020,NOVIEMBRE,19,1673,20,23,18,19.2,1018.1
2020-11-20,2020,NOVIEMBRE,20,1725,20,23,18,21.1,1018
2020-11-21,2020,NOVIEMBRE,21,1629,22,26,19,21.1,1016
2020-11-22,2020,NOVIEMBRE,22,1490,23,27,19,17.4,1017.1
2020-11-23,2020,NOVIEMBRE,23,1564,24,31,20,20.2,1013.8
2020-11-24,2020,NOVIEMBRE,24,1737,26,31,22,16.7,1008.8
2020-11-25,2020,NOVIEMBRE,25,1745,22,26,20,18.5,1009.3
2020-11-26,2020,NOVIEMBRE,26,1672,22,26,18,9.7,1013.9
2020-11-27,2020,NOVIEMBRE,27,1762,22,26,18,17.4,1016.2
2020-11-28,2020,NOVIEMBRE,28,1646,22,25,18,19.2,1011.6
2020-11-29,2020,NOVIEMBRE,29,1492,24,32,19,11,1009.8
2020-11-30,2020,NOVIEMBRE,30,1613,18,24,13,20.1,1019.2
2020-12-01,2020,DICIEMBRE,1,,20,29,16,17.7,1015
2020-12-02,2020,DICIEMBRE,2,,23,27,20,12.1,1008.1
2020-12-03,2020,DICIEMBRE,3,,22,26,18,9.9,1007.5
2020-12-04,2020,DICIEMBRE,4,,20,24,16,14.5,1018.1
2020-12-05,2020,DICIEMBRE,5,,17,19,13,15.2,1025.3
2020-12-06,2020,DICIEMBRE,6,,19,23,15,17.8,1022.3
2020-12-07,2020,DICIEMBRE,7,,21,25,18,19.1,1018.6
2020-12-08,2020,DICIEMBRE,8,,22,25,19,19,1016
2020-12-09,2020,DICIEMBRE,9,,25,31,21,12.7,1014.5
2020-12-10,2020,DICIEMBRE,10,,27,32,24,12.3,1008.2
2020-12-11,2020,DICIEMBRE,11,,25,29,16,14.8,1005.4
2020-12-12,2020,DICIEMBRE,12,,24,28,18,8.3,1007.3
2020-12-13,2020,DICIEMBRE,13,,21,26,15,15.5,1008.7
2020-12-14,2020,DICIEMBRE,14,,22,27,18,16.7,1010.3
2020-12-15,2020,DICIEMBRE,15,,21,24,19,20.5,1009.3
2020-12-16,2020,DICIEMBRE,16,,21,25,16,19.1,1015.1
2020-12-17,2020,DICIEMBRE,17,,23,28,20,13.6,1013.1
2020-12-18,2020,DICIEMBRE,18,,26,32,22,8.3,1006.7
2020-12-19,2020,DICIEMBRE,19,,24,27,20,21.3,999
2020-12-20,2020,DICIEMBRE,20,,19,24,14,15.6,1009.4
2020-12-21,2020,DICIEMBRE,21,,20,23,14,9.2,1016
2020-12-22,2020,DICIEMBRE,22,,24,28,18,14.8,1015.3
2020-12-23,2020,DICIEMBRE,23,,26,30,23,16.1,1012.8
2020-12-24,2020,DICIEMBRE,24,,25,30,23,15.8,1011.8
2020-12-25,2020,DICIEMBRE,25,,,,,,
2020-12-26,2020,DICIEMBRE,26,,,,,,
2020-12-27,2020,DICIEMBRE,27,,,,,,
2020-12-28,2020,DICIEMBRE,28,,,,,,
2020-12-29,2020,DICIEMBRE,29,,,,,,
2020-12-30,2020,DICIEMBRE,30,,,,,,
2020-12-31,2020,DICIEMBRE,31,,,,,,
